id,benum,datebe,idsupplier,supplier,total,reference,auteur,numfacture,supplieraddress,suppliermatfiscal,userid,paymentstatus,paymentid,brofbe,beofbr,supfacture,factureid
2,0,2023-09-23,1,SDC,2283.49219,FAC-202309-2309291,Mohamed Ali,0,,,0,1,1,0,0,1,0
3,0,2023-09-22,1,SDC,2960.948,FAC-202309-2309278,taher,0,,,0,0,0,0,0,1,0
4,0,2023-10-30,1,SDC,2884.448,FAC-202309-2309277,taher,0,,,0,0,0,0,0,0,0
5,0,2023-09-24,1,SDC,2989.268,FAC-202309-2309283,Nom Prénom,0,,,0,0,0,0,0,0,0
6,0,2023-09-30,1,SDC,3344.666,FAC-202309-2309284,Nom Prénom,0,,,0,0,0,0,0,0,0
7,0,2023-10-30,1,SDC,3210.64975,FAC-202309-2309292,Mohamed Ali,0,,,1,0,0,0,0,0,0
8,0,2023-09-21,1,SDC,3015.265,FAC-202309-2309276,taher,0,,,0,0,0,0,0,0,0
9,0,2024-09-24,1,SDC,2872.68,FAC-202309-2309285,Nom Prénom,0,,,0,0,0,0,0,0,0
11,0,2023-09-27,1,SDC,2932.237,FAC-202309-2309293,Nom Prénom,0,,,0,0,0,0,0,0,0
14,0,2023-10-26,1,SDC,2886.113,BLI-202310-270 JASPE 2,taher,0,,,0,0,0,0,0,0,0
15,0,2023-10-26,1,SDC,1043.832,BLI-202310-269 JASPE 1,taher,0,,,0,0,0,0,0,0,0
16,0,2023-10-25,1,SDC,2775.279,BLI-202310-268 JASPE 3,Nom Prénom,0,,,0,0,0,0,0,0,0
18,0,2023-11-07,1,SDC,3344.009,BLI-202310-268 JASPE 5,Nom Prénom,0,,,0,0,0,0,0,0,0
19,0,2023-08-21,1,SDC,2731.671,FAC-202308-2308228,Nom Prénom,0,,,0,0,0,0,0,0,0
20,0,2023-08-23,1,SDC,2732.407,FAC-202308-2308230,taher,0,,,0,0,0,0,0,0,0
21,0,2023-08-23,1,SDC,2923.361,FAC-202308-2308229,taher,0,,,0,0,0,0,0,0,0
22,0,2023-11-08,1,SDC,1916.233,FAC-202311-2311335,Nom Prénom,0,,,1,0,0,0,0,0,0
23,0,2023-11-10,1,SDC,1430.098,BLI-202311-275 JASPE 6,Nom Prénom,0,,,1,0,0,0,0,0,0
24,0,2023-11-16,1,SDC,323.942,BLI-202311-292 JASPE 7,Nom Prénom,0,,,1,0,0,0,0,0,0
26,0,2023-11-18,1,SDC,4183.276,FAC-202311-2311348,taher,0,,,1,0,0,0,0,0,0
27,0,2023-11-21,1,SDC,3517.678,BLI-202311-319 JASPE 8,Nom Prénom,0,,,1,0,0,0,0,0,0
29,0,2023-11-20,1,SDC,4177.547,FAC-202311-2311353,taher,0,,,1,0,0,0,0,0,0
30,0,2023-11-21,1,SDC,1917.856,FAC-202311-2311354,taher,0,,,1,0,0,0,0,0,0
31,0,2023-11-23,1,SDC,850.85,FAC-202311-2311355,Nom Prénom,0,,,1,0,0,0,0,0,0
32,0,2023-11-24,1,SDC,126.289,FAC-202311-2311357,Nom Prénom,0,,,1,0,0,0,0,0,0
33,0,2023-11-24,1,SDC,2807.245,FAC-202311-2311358,Nom Prénom,0,,,1,0,0,0,0,0,0
34,0,2023-11-29,1,SDC,1284.481,FAC-202311-2311360,taher,0,,,1,0,0,0,0,0,0
35,0,2023-12-02,1,SDC,2224.124,FAC-202312-2312364,taher,0,,,1,0,0,0,0,0,0
36,0,2023-12-01,1,SDC,2876.362,FAC-202312-2312363,Nom Prénom,0,,,1,0,0,0,0,0,0
37,0,2023-12-02,1,SDC,2425.879,FAC-202312-2312366,taher,0,,,1,0,0,0,0,0,0
38,0,2023-12-02,1,SDC,860.713,FAC-202312-2312365,Nom Prénom,0,,,1,0,0,0,0,0,0
39,0,2023-12-04,1,SDC,1555.553,BLI-2023-12-408 Jaspé 9,taher,0,,,1,0,0,0,0,0,0
40,0,2023-12-05,1,SDC,1939.51,FAC-202312-2312368,Nom Prénom,0,,,1,0,0,0,0,0,0
41,0,2023-12-06,4,lilas,1594.738,Lilas 1,taher,0,,,1,0,0,0,0,0,0
42,0,2023-12-06,1,SDC,193.78,FAC-202312-2312370,Nom Prénom,0,,,1,0,0,0,0,0,0
43,0,2023-12-06,4,lilas,3757.558,Lilas 2 ,taher,0,,,1,0,0,0,0,0,0
44,0,2023-12-09,1,SDC,3027.39,FAC-202312-2312374,taher,0,,,1,0,0,0,0,0,0
45,0,2023-12-11,1,SDC,309.067,¨FAC 202312-2312376,Nom Prénom,0,,,1,0,0,0,0,0,0
46,0,2023-12-13,1,SDC,276.975,FAC-202312-2312375,Nom Prénom,0,,,1,0,0,0,0,0,0
47,0,2023-10-30,1,SDC,3379.034,FAC-202310-2310328,Nom Prénom,0,,,1,0,0,0,0,0,0
48,0,2023-12-04,1,SDC,572.523,BLI-202312-411 JASPE 10,Nom Prénom,0,,,1,0,0,0,0,0,0
49,0,2023-12-14,1,SDC,137.088,BLI-202312-444,Nom Prénom,0,,,1,0,0,0,0,0,0
50,0,2023-12-14,1,SDC,2470.662,FAC-202312-2312379,Nom Prénom,0,,,1,0,0,0,0,0,0
51,0,2023-12-15,3,Négoce distribution (Judy),782.814,9030573963,taher,0,,,1,0,0,0,0,0,0
52,0,2023-12-19,1,SDC,605.413,FAC-202312-2312383,taher,0,,,1,0,0,0,0,0,0
53,0,2023-12-21,4,lilas,306.222,BL 0402217924 LILAS 3,taher,0,,,1,0,0,0,0,0,0
54,0,2023-12-21,4,lilas,1085.0,BL-0410410179 lilas 4,taher,0,,,1,0,0,0,0,0,0
55,0,2023-12-28,1,SDC,3338.532,FAC-202312-2312395 (30ml),taher,0,,,1,0,0,0,0,0,0
56,0,2023-12-28,1,SDC,2323.032,FAC-202312-2312394 (50ml),taher,0,,,1,0,0,0,0,0,0
57,0,2023-12-28,1,SDC,1353.142,FAC-202312-2312396 (10ml),taher,0,,,1,0,0,0,0,0,0
58,0,2023-12-29,4,lilas,376.484,B.L.N 0402218085 Lilas5,taher,0,,,1,0,0,0,0,0,0
59,0,2023-12-29,1,SDC,3905.497,FAC-202312-2312398,taher,0,,,1,0,0,0,0,0,0
60,0,2023-12-30,4,lilas,1003.409,BL 0410410342,taher,0,,,1,0,0,0,0,0,0
61,0,2024-01-03,1,SDC,2535.295,FAC-202312-2312400,taher,0,,,1,0,0,0,0,0,0
62,0,2024-01-04,1,SDC,4694.075,FAC-202312-2312399,taher,0,,,1,0,0,0,0,0,0
63,0,2024-01-05,1,SDC,600.974,FAC-202401-2401004,taher,0,,,1,0,0,0,0,0,0
64,0,2024-01-08,11,peaudeauce,2098.684952,Phoenix Dist peadeauce,Mohamed Ali,0,,,1,0,0,0,0,0,0
65,0,2024-01-09,1,SDC,71.686,FAC-202401-2401006,taher,0,,,1,0,0,0,0,0,0
66,0,2024-01-09,1,SDC,1672.645,FAC-202401-2401002,taher,0,,,1,0,0,0,0,0,0
67,0,2024-01-10,1,SDC,1707.964,BLI-202401-48,taher,0,,,1,0,0,0,0,0,0
68,0,2024-01-11,3,Négoce distribution (Judy),1020.781,Fac-9030593963,taher,0,,,1,0,0,0,0,0,0
69,0,2024-01-12,1,SDC,1271.626,FAC-202401-2401009,taher,0,,,1,0,0,0,0,0,0
70,0,2024-01-12,6,Canal Food ( sunsilk),1936.884,,taher,0,,,1,0,0,0,0,0,0
71,0,2024-01-12,1,SDC,1256.412,BLI-202401-64,taher,0,,,1,0,0,0,0,0,0
72,0,2024-01-14,1,SDC,56.383,FAC-202401-2401010,taher,0,,,1,0,0,0,0,0,0
73,0,2024-01-13,7,La Brosse,669.371,100074034,taher,0,,,1,0,0,0,0,0,0
74,0,2024-01-15,1,SDC,196.912,FAC-202401-240112,taher,0,,,1,0,0,0,0,0,0
75,0,2024-01-16,8,ESSOURI DISTRIBUTION,630.6247444,DET BL 020442,Mohamed Ali,0,,,1,0,0,0,0,0,0
76,0,2024-01-17,4,lilas,664.877,BL 0402218377 DTERGENTS,taher,0,,,1,0,0,0,0,0,0
77,0,2024-01-17,4,lilas,744.309,BL-0410410397,taher,0,,,1,0,0,0,0,0,0
78,0,2024-01-17,9,Irsan de Service,131.976,Lavette Microfibre,taher,0,,,1,0,0,0,0,0,0
79,0,2024-01-18,3,Négoce distribution (Judy),1157.294,9030599224 Esuie tout ,taher,0,,,1,0,0,0,0,0,0
80,0,2024-01-20,1,SDC,1039.594,FAC-202401-2401017,taher,0,,,1,0,0,0,0,0,0
81,0,2024-01-22,10,Nadhif,1520.815,FAC-042044501 sans remise 3 % total ,taher,0,,,1,0,0,0,0,0,0
82,0,2024-01-23,1,SDC,644.066,FAC-202401-2401020,taher,0,,,1,0,0,0,0,0,0
83,0,2024-01-25,3,Négoce distribution (Judy),2444.517,FAC-9030604365,taher,0,,,1,0,0,0,0,0,0
84,0,2024-01-25,1,SDC,785.016,FAC-202401-2401022,taher,0,,,1,0,0,0,0,0,0
85,0,2024-01-25,4,lilas,312.551,,taher,0,,,1,0,0,0,0,0,0
86,0,2024-01-25,4,lilas,253.07,BLI-0402218507,taher,0,,,1,0,0,0,0,0,0
87,0,2024-01-26,1,SDC,120.0,FAC-202401-2401028,taher,0,,,1,0,0,0,0,0,0
88,0,2024-01-29,1,SDC,364.069,FAC-202401-2401030,taher,0,,,1,0,0,0,0,0,0
89,0,2024-01-29,4,lilas,2192.649,lilas ,taher,0,,,1,0,0,0,0,0,0
90,0,2024-02-01,11,peaudeauce,829.429,,taher,0,,,1,0,0,0,0,0,0
91,0,2024-02-02,3,Négoce distribution (Judy),90.018,papier toilette ,taher,0,,,1,0,0,0,0,0,0
92,0,2024-02-03,1,SDC,514.842,,taher,0,,,1,0,0,0,0,0,0
93,0,2024-02-03,1,SDC,444.887,DEV-202402-24,taher,0,,,1,0,0,0,0,0,0
94,0,2024-02-05,1,SDC,364.609,FAC-202402-2402038,taher,0,,,1,0,0,0,0,0,0
95,0,2024-02-07,1,SDC,4149.063,Fac-202402-2402040,taher,0,,,1,0,0,0,0,0,0
96,0,2024-02-10,11,peaudeauce,221.983,,taher,0,,,1,0,0,0,0,0,0
97,0,2024-02-12,1,SDC,637.915,FAC-202402-2402045,taher,0,,,1,0,0,0,0,0,0
98,0,2024-02-12,1,SDC,264.678,FAC-202402-2402046,taher,0,,,1,0,0,0,0,0,0
99,0,2024-02-13,6,Canal Food ( sunsilk),2723.943,,taher,0,,,1,0,0,0,0,0,0
100,0,2024-02-16,3,Négoce distribution (Judy),861.065,,taher,0,,,1,0,0,0,0,0,0
101,0,2024-02-17,1,SDC,1261.719,FAC-202402-2402055,taher,0,,,1,0,0,0,0,0,0
102,0,2024-02-17,1,SDC,520.992,FAC-202402-2402054,taher,0,,,1,0,0,0,0,0,0
103,0,2024-02-19,1,SDC,260.998,FAC-202402-2402056,taher,0,,,1,0,0,0,0,0,0
104,0,2024-02-20,4,lilas,359.248,BLI 0402218994,taher,0,,,1,0,0,0,0,0,0
105,0,2024-02-20,4,lilas,1017.432,BLI-0410410878,taher,0,,,1,0,0,0,0,0,0
106,0,2024-02-20,1,SDC,12.251,GRATUITé nana,taher,0,,,1,0,0,0,0,0,0
107,0,2024-02-21,1,SDC,1433.656,FAC-202402-2402059,taher,0,,,1,0,0,0,0,0,0
108,0,2024-02-21,1,SDC,990.997,,taher,0,,,1,0,0,0,0,0,0
109,0,2024-02-22,1,SDC,244.131,FAC-202402-2402061,taher,0,,,1,0,0,0,0,0,0
110,0,2024-02-22,3,Négoce distribution (Judy),452.105,,taher,0,,,1,0,0,0,0,0,0
111,0,2024-02-22,1,SDC,287.152,FAC-202402-2402062,taher,0,,,1,0,0,0,0,0,0
112,0,2024-02-26,11,peaudeauce,1879.503,peaudouce 20,taher,0,,,1,0,0,0,0,0,0
113,0,2024-02-26,12,Jaspé,181.951,,taher,0,,,1,0,0,402,0,0,0
114,0,2024-02-27,1,SDC,457.915,FAC-202402-2402066,taher,0,,,1,0,0,0,0,0,0
115,0,2024-02-27,1,SDC,737.69,FAC-202402-2402067,taher,0,,,1,0,0,0,0,0,0
116,0,2024-02-27,8,ESSOURI DISTRIBUTION,1704.658,BL 021440,taher,0,,,1,0,0,0,0,0,0
117,0,2024-02-29,3,Négoce distribution (Judy),1088.486,FAC-9030630879,taher,0,,,1,0,0,0,0,0,0
118,0,2024-02-29,1,SDC,1116.003,FAC-2402068,taher,0,,,1,0,0,0,0,0,0
119,0,2024-03-01,8,ESSOURI DISTRIBUTION,544.684,BL021510,taher,0,,,1,0,0,0,0,0,0
120,0,2024-03-01,13,(GTC) Global Trading Company,224.91,Dr Beckmann F24/92,taher,0,,,1,0,0,0,0,0,0
121,0,2024-03-01,14,Aseptika,213.058,Fc-24/209 ,taher,0,,,1,0,0,0,0,0,0
122,0,2024-03-05,1,SDC,404.067,FAC-202403-2403074,taher,0,,,1,0,0,0,0,0,0
123,0,2024-03-05,4,lilas,350.267,BL .402219271,taher,0,,,1,0,0,0,0,0,0
124,0,2024-03-05,4,lilas,467.094,remplacement Unisex Bon de retour N13,taher,0,,,1,0,0,0,0,0,0
125,0,2024-03-05,4,lilas,1066.31,,taher,0,,,1,0,0,0,0,0,0
126,0,2024-03-06,1,SDC,2300.511,FAC-202403-2403076,taher,0,,,1,0,0,0,0,0,0
127,0,2024-03-06,1,SDC,1256.74,FAC-202403-2403075,taher,0,,,1,0,0,0,0,0,0
128,0,2024-03-07,1,SDC,600.385,FAC-202403-2403077,taher,0,,,1,0,0,0,0,0,0
129,0,2024-03-09,1,SDC,1221.24,FAC-202403-2403082,taher,0,,,1,0,0,0,0,0,0
130,0,2024-03-09,1,SDC,4161.399,FAC-202403-2403079,taher,0,,,1,0,0,0,0,0,0
131,0,2024-03-09,11,peaudeauce,434.436,Peaudouce FC 30 ,taher,0,,,1,0,0,0,0,0,0
132,0,2024-03-11,1,SDC,691.614,BLI 202402-32,taher,0,,,1,0,0,0,0,0,0
133,0,2024-03-11,1,SDC,1035.794,FAC-202403-24030840,taher,0,,,1,0,0,0,0,0,0
134,0,2024-03-11,1,SDC,668.679,FAC-202403-2403085,taher,0,,,1,0,0,0,0,0,0
135,0,2024-03-12,8,ESSOURI DISTRIBUTION,469.8,FC-2428254,taher,0,,,1,0,0,0,0,0,0
136,0,2024-03-14,3,Négoce distribution (Judy),436.366,B.L-80751125,taher,0,,,1,0,0,0,0,0,0
137,0,2024-03-14,1,SDC,1495.655,FAC-202403-2402048,taher,0,,,1,0,0,0,0,0,0
138,0,2024-03-18,1,SDC,1053.738,FAC-202403-2403090,taher,0,,,1,0,0,0,0,0,0
139,0,2024-03-18,1,SDC,279.453,FAC-202403-2403089,taher,0,,,1,0,0,0,0,0,0
140,0,2024-03-19,1,SDC,279.224,FAC-202403-2403091,taher,0,,,1,0,0,0,0,0,0
141,0,2024-03-21,3,Négoce distribution (Judy),840.961,9030647796,Nom Prénom,0,,,1,0,0,0,0,0,0
142,0,2024-03-21,11,peaudeauce,820.474,peaudouce FAC- 30,taher,0,,,1,0,0,0,0,0,0
143,0,2024-03-22,11,peaudeauce,417.666,Peaudouce FAC-,taher,0,,,1,0,0,0,0,0,0
144,0,2024-03-25,6,Canal Food ( sunsilk),1820.4,bl 924644,taher,0,,,1,0,0,0,0,0,0
145,0,2024-03-25,4,lilas,448.476,bl 0402219640,taher,0,,,1,0,0,0,0,0,0
146,0,2024-03-25,15,Trading Distr company,1181.611,,taher,0,,,1,0,0,0,0,0,0
147,0,2024-03-25,4,lilas,152.499,remplacement unisex b retour 15,taher,0,,,1,0,0,0,0,0,0
148,0,2024-03-25,4,lilas,1802.103,bl 0410411457,taher,0,,,1,0,0,0,0,0,0
149,0,2024-03-26,6,Canal Food ( sunsilk),2279.945,Rexona ,taher,0,,,1,0,0,0,0,0,0
150,0,2024-03-26,1,SDC,677.579,FAC-202402-2403098,taher,0,,,1,0,0,0,0,0,0
151,0,2024-03-26,1,SDC,1701.238,FAC-202403-2403099,taher,0,,,1,0,0,0,0,0,0
152,0,2024-03-26,1,SDC,7523.061,maybelline ,taher,0,,,1,0,0,0,0,0,0
153,0,2024-03-28,1,SDC,221.854,Fac-202403-2403104,taher,0,,,1,0,0,0,0,0,0
154,0,2024-03-28,1,SDC,758.511,FAC-202403-2403105,taher,0,,,1,0,0,0,0,0,0
155,0,2024-03-30,1,SDC,433.301,FAC-202403-2403109,taher,0,,,1,0,0,0,0,0,0
156,0,2024-03-30,1,SDC,1835.194,FAC-202403-2403106,taher,0,,,1,0,0,0,0,0,0
157,0,2024-04-01,1,SDC,127.164,FAC-202404-2404111,Nom Prénom,0,,,1,0,0,0,0,0,0
158,0,2024-04-01,15,Trading Distr company,2843.205,fac-1058/2024,Nom Prénom,0,,,1,0,0,0,0,0,0
159,0,2024-04-01,1,SDC,1642.354,FAC-202403-2404112,taher,0,,,1,0,0,0,0,0,0
160,0,2024-04-04,1,SDC,442.18,,taher,0,,,1,0,0,0,0,0,0
161,0,2024-04-04,3,Négoce distribution (Judy),1405.326,,taher,0,,,1,0,0,0,0,0,0
162,0,2024-04-05,4,lilas,810.618,B.L. N 0402219873,taher,0,,,1,0,0,0,0,0,0
163,0,2024-04-06,1,SDC,969.146,FAC-202404-2404119,taher,0,,,1,0,0,0,0,0,0
164,0,2024-04-06,1,SDC,679.995,FAC-202404-2404120,Nom Prénom,0,,,1,0,0,0,0,0,0
165,0,2024-04-06,4,lilas,29.988,,taher,0,,,1,0,0,0,0,0,0
166,0,2024-04-08,1,SDC,219.38,FAC-202404-2404121,taher,0,,,1,0,0,0,0,0,0
167,0,2024-04-09,1,SDC,561.544,FAC-202404-2404122,taher,0,,,1,0,0,0,0,0,0
168,0,2024-04-12,3,Négoce distribution (Judy),1610.282,FAC-9030662924,taher,0,,,1,0,0,0,0,0,0
169,0,2024-04-13,6,Canal Food ( sunsilk),2646.451,BL N°917913,taher,0,,,1,0,0,0,0,0,0
170,0,2024-04-13,1,SDC,524.602,FAC-202404-2404123,taher,0,,,1,0,0,0,0,0,0
171,0,2024-04-15,1,SDC,636.392,BLI-202404-59,taher,0,,,1,0,0,0,0,0,0
172,0,2024-04-01,1,SDC,0.063,testeur maybelline,taher,0,,,1,0,0,0,0,0,0
173,0,2024-04-16,1,SDC,185.612,FAC-202404-2404127,taher,0,,,1,0,0,0,0,0,0
174,0,2024-04-16,1,SDC,1453.762,FAC-202404-2404126,taher,0,,,1,0,0,0,0,0,0
175,0,2024-04-17,1,SDC,205.918,BLI-202404-69,taher,0,,,1,0,0,0,0,0,0
176,0,2024-04-18,3,Négoce distribution (Judy),374.124,FAC-9030667861,taher,0,,,1,0,0,0,0,0,0
177,0,2024-04-19,4,lilas,725.394,B.L.N° 0402220120,taher,0,,,1,0,0,0,0,0,0
178,0,2024-04-19,4,lilas,1259.107,B.L.N° 0410411820,taher,0,,,1,0,0,0,0,0,0
179,0,2024-04-22,1,SDC,273.303,FAC-202404-2404129,taher,0,,,1,0,0,0,0,0,0
180,0,2024-04-23,1,SDC,1385.995,BLI 202404-82,taher,0,,,1,0,0,0,0,0,0
181,0,2024-04-25,1,SDC,287.09,BLI-202404-86,taher,0,,,1,0,0,0,0,0,0
182,0,2024-04-25,11,peaudeauce,1207.44302,PEAUDOUCE FAC-10,Mohamed Ali,0,,,1,0,0,0,0,0,0
183,0,2024-04-30,1,SDC,593.837,FAC-202404-2404138,taher,0,,,1,0,0,0,0,0,0
184,0,2024-05-02,3,Négoce distribution (Judy),1124.661,FAC-9030679364,taher,0,,,1,0,0,0,0,0,0
185,0,2024-05-02,1,SDC,434.287,FAC-202405-2405140,taher,0,,,1,0,0,0,0,0,0
186,0,2024-05-03,1,SDC,1033.097,BLI-202405-120,taher,0,,,1,0,0,0,0,0,0
187,0,2024-05-04,11,peaudeauce,52.193,Peaudouce FAC N° 20,taher,0,,,1,0,0,0,0,0,0
188,0,2024-05-06,6,Canal Food ( sunsilk),3540.59,927089,taher,0,,,1,0,0,0,0,0,0
189,0,2024-05-08,1,SDC,496.918,FAC-202405-2405141,taher,0,,,1,0,0,0,0,0,0
190,0,2024-05-08,4,lilas,980.31,04022204060,taher,0,,,1,0,0,0,0,0,0
191,0,2024-05-08,4,lilas,1009.21,0410412104,taher,0,,,1,0,0,0,0,0,0
192,0,2024-05-09,4,lilas,93.939,,taher,0,,,1,0,0,0,0,0,0
193,0,2024-05-09,3,Négoce distribution (Judy),568.487,FAC-9030685363,taher,0,,,1,0,0,0,0,0,0
194,0,2024-05-09,8,ESSOURI DISTRIBUTION,1432.44,fc-2428619,taher,0,,,1,0,0,0,0,0,0
195,0,2024-05-09,11,peaudeauce,685.697,,taher,0,,,1,0,0,0,0,0,0
196,0,2024-05-10,3,Négoce distribution (Judy),999.781,FAC-9030686246,taher,0,,,1,0,0,0,0,0,0
197,0,2024-05-10,1,SDC,1669.443,FAC-202405-2405144,taher,0,,,1,0,0,0,0,0,0
198,0,2024-05-10,1,SDC,885.166,FAC-202405-2405143,taher,0,,,1,0,0,0,0,0,0
199,0,2024-05-13,1,SDC,491.762,FAC-202405-2405146,taher,0,,,1,0,0,0,0,0,0
200,0,2024-05-14,1,SDC,373.784,BLI-202405-157,taher,0,,,1,0,0,0,0,0,0
201,0,2024-05-15,1,SDC,179.014,FAC-202405-2405147,taher,0,,,1,0,0,0,0,0,0
202,0,2024-05-16,1,SDC,525.778,FAC-202405-2405150,taher,0,,,1,0,0,0,0,0,0
203,0,2024-05-17,1,SDC,1176.513,FAC-202405-2405151,taher,0,,,1,0,0,0,0,0,0
204,0,2024-05-18,3,Négoce distribution (Judy),1122.037,FAC-9030693050,taher,0,,,1,0,0,0,0,0,0
205,0,2024-05-18,3,Négoce distribution (Judy),838.781,FAC-9030692298,taher,0,,,1,0,0,0,0,0,0
206,0,2024-05-18,1,SDC,866.951,BLI-202405-181,taher,0,,,1,0,0,0,0,0,0
207,0,2024-05-20,1,SDC,609.228,FAC-202405-2405154,taher,0,,,1,0,0,0,0,0,0
208,0,2024-05-21,1,SDC,282.458,BLI-202405-189,taher,0,,,1,0,0,0,0,0,0
209,0,2024-05-21,11,peaudeauce,617.196,PEAUDOUCE FAC N° 30,taher,0,,,1,0,0,0,0,0,0
210,0,2024-05-22,1,SDC,86.58,BLI-202405-195,taher,0,,,1,0,0,0,0,0,0
211,0,2024-05-23,1,SDC,549.732,BLI-202405-202,taher,0,,,1,0,0,0,0,0,0
212,0,2024-05-25,1,SDC,189.581,BLI-202405-210,taher,0,,,1,0,0,0,0,0,0
213,0,2024-05-25,8,ESSOURI DISTRIBUTION,2400.429,Bli 023646,taher,0,,,1,0,0,0,0,0,0
214,0,2024-05-25,1,SDC,0.027,Gratuité LPM,taher,0,,,1,0,0,0,0,0,0
215,0,2024-05-27,1,SDC,535.286,BLI 202405-221,taher,0,,,1,0,0,0,0,0,0
216,0,2024-05-27,1,SDC,873.722,FAC-202405-2405165,taher,0,,,1,0,0,0,0,0,0
217,0,2024-05-27,1,SDC,624.607,FAC-202405-2405164,taher,0,,,1,0,0,0,0,0,0
218,0,2024-05-28,11,peaudeauce,1907.815,Facture-Peaudouce N° 20,taher,0,,,1,0,0,0,0,0,0
219,0,2024-05-29,4,lilas,1720.886,BLI-0402220864,taher,0,,,1,0,0,0,0,0,0
220,0,2024-05-30,4,lilas,1261.588,BLN 0410412476,taher,0,,,1,0,0,0,0,0,0
221,0,2024-05-31,3,Négoce distribution (Judy),1172.588,Fac : 9030703654,taher,0,,,1,0,0,0,0,0,0
222,0,2024-05-31,1,SDC,1907.441,Bli-202405-237,taher,0,,,1,0,0,0,0,0,0
223,0,2024-06-01,1,SDC,456.918,FAC-202406-2306169,taher,0,,,1,0,0,0,0,0,0
224,0,2024-06-01,1,SDC,606.643,BLI-202406-2,taher,0,,,1,0,0,0,0,0,0
225,0,2024-06-03,1,SDC,1055.122,BLI-202406-16,taher,0,,,1,0,0,0,0,0,0
226,0,2024-06-04,1,SDC,732.54,BLI-202406-17,taher,0,,,1,0,0,0,0,0,0
227,0,2024-06-06,11,peaudeauce,2463.707218,Peaudouce-Facturee N°20,Mohamed Ali,0,,,1,0,0,0,0,0,0
228,0,2024-06-06,1,SDC,483.073,FAC-202406-23006172,taher,0,,,1,0,0,0,0,0,0
229,0,2024-06-07,3,Négoce distribution (Judy),889.566,Fac-9030709287,taher,0,,,1,0,0,0,0,0,0
230,0,2024-06-07,1,SDC,2642.741,FAC-202406-23006174,taher,0,,,1,0,0,0,0,0,0
232,0,2024-06-11,6,Canal Food ( sunsilk),1067.159,BLN° 944022,taher,0,,,1,0,0,0,0,0,0
233,0,2024-06-11,8,ESSOURI DISTRIBUTION,1698.767,BL-024045,taher,0,,,1,0,0,0,0,0,0
234,0,2024-06-11,1,SDC,288.686,FAC-202406-12005176,taher,0,,,1,0,0,0,0,0,0
236,0,2024-06-12,14,Aseptika,826.837,Facture N° F24/610,taher,0,,,1,0,0,0,0,0,0
237,0,2024-06-12,4,lilas,1470.949,BLN° 0410412686,taher,0,,,1,0,0,0,0,0,0
238,0,2024-06-12,4,lilas,547.41,BLN° 0410412687,taher,0,,,1,0,0,0,0,0,0
239,0,2024-06-13,1,SDC,723.411,BLI-202406-76,taher,0,,,1,0,0,0,0,0,0
240,0,2024-06-13,4,lilas,2011.707,BLN° 0402221158,taher,0,,,1,0,0,0,0,0,0
241,0,2024-06-13,4,lilas,886.805,Lilas Essuie-tout Animation,taher,0,,,1,0,0,0,0,0,0
242,0,2024-06-13,8,ESSOURI DISTRIBUTION,3024.495,FC-2428851,taher,0,,,1,0,0,0,0,0,0
243,0,2024-06-14,1,SDC,323.87,BLI-202406-82,taher,0,,,1,0,0,0,0,0,0
244,0,2024-06-14,1,SDC,244.609,FAC-202406-23006180,taher,0,,,1,0,0,0,0,0,0
245,0,2024-06-14,6,Canal Food ( sunsilk),1430.056,dédorant dove ,taher,0,,,1,0,0,0,0,0,0
246,0,2024-06-14,4,lilas,255.641,Bli-0402221186,taher,0,,,1,0,0,0,0,0,0
247,0,2024-06-14,4,lilas,146.87,Lilas-Essuie-tout,taher,0,,,1,0,0,0,0,0,0
248,0,2024-06-15,1,SDC,426.377,FAC-202406-23006182,taher,0,,,1,0,0,0,0,0,0
249,0,2024-06-15,1,SDC,84.566,Sensive ,taher,0,,,1,0,0,0,0,0,0
250,0,2024-06-18,3,Négoce distribution (Judy),1834.061,FAC-9030716544,taher,0,,,1,0,0,0,0,0,0
251,0,2024-06-18,1,SDC,2783.861,BLI 20240691 FOIRE,taher,0,,,1,0,0,0,0,0,0
252,0,2024-06-20,1,SDC,310.231,FAC-202406-23006186,taher,0,,,1,0,0,0,0,0,0
253,0,2024-06-21,14,Aseptika,243.388,Facture N° F24/661,taher,0,,,1,0,0,0,0,0,0
254,0,2024-06-22,1,SDC,7194.755,FAC-202406-230066188,taher,0,,,1,0,0,0,0,0,0
255,0,2024-06-24,1,SDC,348.689,FAC-202406-23006190,taher,0,,,1,0,0,0,0,0,0
256,0,2024-06-24,1,SDC,463.729,FAC-202406-2306191,taher,0,,,1,0,0,0,0,0,0
257,0,2024-07-01,4,lilas,582.931,0402221454,taher,0,,,1,0,0,0,0,0,0
258,0,2024-07-01,1,SDC,605.613,FAC-202407-2407203,taher,0,,,1,0,0,0,0,0,0
259,0,2024-07-01,1,SDC,391.633,FAC-202407-2407204,taher,0,,,1,0,0,0,0,0,0
260,0,2024-07-02,4,lilas,1837.318,BLI 04104102951,taher,0,,,1,0,0,0,0,0,0
261,0,2024-07-02,6,Canal Food ( sunsilk),116.725,bl 928329,taher,0,,,1,0,0,0,0,0,0
262,0,2024-07-04,3,Négoce distribution (Judy),952.01,Fac-9030730481,taher,0,,,1,0,0,0,0,0,0
263,0,2024-07-08,6,Canal Food ( sunsilk),3756.176,BL 936157,taher,0,,,1,0,0,0,0,0,0
264,0,2024-07-08,1,SDC,536.918,FAC-202407-2407208,taher,0,,,1,0,0,0,0,0,0
265,0,2024-07-01,1,SDC,1322.498,BLI-202407-184,taher,0,,,1,0,0,0,0,0,0
266,0,2024-07-09,12,Jaspé,1260.297,,taher,0,,,1,0,0,0,0,0,0
267,0,2024-07-09,8,ESSOURI DISTRIBUTION,1197.988,FC-2428998,taher,0,,,1,0,0,0,0,0,0
268,0,2024-07-10,14,Aseptika,515.979,FC24/790,taher,0,,,1,0,0,0,0,0,0
269,0,2024-07-11,1,SDC,1750.228,BLI-202407-222,taher,0,,,1,0,0,0,0,0,0
270,0,2024-07-11,1,SDC,131.197,Pince epilation ,taher,0,,,1,0,0,0,0,0,0
271,0,2024-07-13,1,SDC,1054.076,FAC-202407-2407217,taher,0,,,1,0,0,0,0,0,0
272,0,2024-07-13,1,SDC,327.689,FAC-202407-2407216,taher,0,,,1,0,0,0,0,0,0
273,0,2024-07-15,1,SDC,521.547,BLI-202407-239,taher,0,,,1,0,0,0,0,0,0
274,0,2024-07-06,1,SDC,957.479,bli-202407-240,taher,0,,,1,0,0,0,0,0,0
275,0,2024-07-16,1,SDC,232.336,FAC-202407-2407221,taher,0,,,1,0,0,0,0,0,0
276,0,2024-07-16,8,ESSOURI DISTRIBUTION,386.435,FAC-2429042,taher,0,,,1,0,0,0,0,0,0
277,0,2024-07-16,1,SDC,453.419,BLI-202407-246,taher,0,,,1,0,0,0,0,0,0
278,0,2024-07-17,1,SDC,279.71,BLI-202407-247,taher,0,,,1,0,0,0,0,0,0
279,0,2024-07-18,3,Négoce distribution (Judy),2210.718,Facture : 9030741546,taher,0,,,1,0,0,0,0,0,0
280,0,2024-07-18,1,SDC,134.732,BLI-202407-248,taher,0,,,1,0,0,0,0,0,0
281,0,2024-07-18,4,lilas,2008.076,BLI-0410413236,taher,0,,,1,0,0,0,0,0,0
282,0,2024-07-18,8,ESSOURI DISTRIBUTION,650.365,BL-024830,taher,0,,,1,0,0,0,0,0,0
283,0,2024-07-19,1,SDC,245.15,BLI-202407-274,taher,0,,,1,0,0,0,0,0,0
284,0,2024-07-19,4,lilas,861.279,0402221787,taher,0,,,1,0,0,0,0,0,0
285,0,2024-07-20,8,ESSOURI DISTRIBUTION,716.063,BL-024868,taher,0,,,1,0,0,0,0,0,0
286,0,2024-07-23,1,SDC,1982.563,BLI-202407-293,taher,0,,,1,0,0,0,0,0,0
287,0,2024-07-23,15,Trading Distr company,1244.564,,taher,0,,,1,0,0,0,0,0,0
288,0,2024-07-26,1,SDC,511.817,FAC-202407-2407231,taher,0,,,1,0,0,0,0,0,0
289,0,2024-07-29,1,SDC,192.306,FAC-202407-2407235,taher,0,,,1,0,0,0,0,0,0
290,0,2024-07-29,8,ESSOURI DISTRIBUTION,3184.081,BL025027,taher,0,,,1,0,0,0,0,0,0
291,0,2024-07-31,1,SDC,1663.925,BLI-202407-324,taher,0,,,1,0,0,0,0,0,0
292,0,2024-08-01,3,Négoce distribution (Judy),3515.385,9030753275,taher,0,,,1,0,0,0,0,0,0
293,0,2024-08-02,1,SDC,166.153,FAC-202408-2408238,taher,0,,,1,0,0,0,0,0,0
294,0,2024-08-05,11,peaudeauce,1238.145,PEAUDOUCE FAC N°20,taher,0,,,1,0,0,0,0,0,0
295,0,2024-08-05,1,SDC,1027.106,FAC-202408-2408241,taher,0,,,1,0,0,0,0,0,0
296,0,2024-08-06,4,lilas,1012.351,0402222111,taher,0,,,1,0,0,0,0,0,0
297,0,2024-08-06,1,SDC,101.54,FAC-202408-2408243,taher,0,,,1,0,0,0,0,0,0
298,0,2024-08-06,4,lilas,1083.553,0410413551,taher,0,,,1,0,0,0,0,0,0
299,0,2024-08-09,1,SDC,1284.107223,BLI-202408-41,Mohamed Ali,0,,,1,0,0,0,0,0,0
300,0,2024-08-10,1,SDC,4378.691,BLI-202408-55,taher,0,,,1,0,0,0,0,0,0
301,0,2024-08-10,16,sojama,469.941,fac-1348,taher,0,,,1,0,0,0,0,0,0
302,0,2024-08-10,1,SDC,132.269,BLI 202408- 50,taher,0,,,1,0,0,0,0,0,0
303,0,2024-08-12,1,SDC,184.612,FAC-202408-2408252,taher,0,,,1,0,0,0,0,0,0
304,0,2024-08-12,1,SDC,183.855,BLI - 202408 - 56,taher,0,,,1,0,0,0,0,0,0
305,0,2024-08-12,10,Nadhif,1350.129,FC 043-038591,taher,0,,,1,0,0,0,0,0,0
306,0,2024-08-13,6,Canal Food ( sunsilk),1346.937,BL/FN° 937329,taher,0,,,1,0,0,0,0,0,0
307,0,2024-08-15,3,Négoce distribution (Judy),464.912,Facture : 9030764362,taher,0,,,1,0,0,0,0,0,0
308,0,2024-08-16,4,lilas,2341.445,,taher,0,,,1,0,0,0,0,0,0
309,0,2024-08-17,1,SDC,150.768,FAC-202408-2408258,taher,0,,,1,0,0,0,0,0,0
310,0,2024-08-17,1,SDC,142.721,BLI - 202408 - 80,taher,0,,,1,0,0,0,0,0,0
311,0,2024-08-20,4,lilas,1407.298,BLI N° 0402222357,taher,0,,,1,0,0,0,0,0,0
312,0,2024-08-20,4,lilas,957.754,BLI N° 0410413797,taher,0,,,1,0,0,0,0,0,0
313,0,2024-08-20,14,Aseptika,986.512,Facture N° F24/1037,taher,0,,,1,0,0,0,0,0,0
314,0,2024-08-20,13,(GTC) Global Trading Company,134.946,BL N° F24/381,taher,0,,,1,0,0,0,0,0,0
315,0,2024-08-22,3,Négoce distribution (Judy),985.013,9030769723,taher,0,,,1,0,0,0,0,0,0
316,0,2024-08-22,8,ESSOURI DISTRIBUTION,1184.568,FAC2429311,taher,0,,,1,0,0,0,0,0,0
317,0,2024-08-23,1,SDC,234.845,FAC-202408-2408261,taher,0,,,1,0,0,0,0,0,0
318,0,2024-08-23,3,Négoce distribution (Judy),536.392,9030770695,taher,0,,,1,0,0,0,0,0,0
319,0,2024-08-24,1,SDC,3514.002,FC 2408266,taher,0,,,1,0,0,0,0,0,0
320,0,2024-08-24,13,(GTC) Global Trading Company,1252.042,,taher,0,,,1,0,0,0,0,0,0
321,0,2024-08-27,1,SDC,372.303,FAC-202408-2408267,taher,0,,,1,0,0,0,0,0,0
322,0,2024-08-30,11,peaudeauce,1603.945,FACN°10,taher,0,,,1,0,0,0,0,0,0
323,0,2024-08-30,6,Canal Food ( sunsilk),1043.053,BL/FN°943690,taher,0,,,1,0,0,0,0,0,0
324,0,2024-08-31,8,ESSOURI DISTRIBUTION,520.155,FC2429341,taher,0,,,1,0,0,0,0,0,0
325,0,2024-08-31,1,SDC,1276.112,,taher,0,,,1,0,0,0,0,0,0
326,0,2024-08-31,1,SDC,773.84,FAC-202408-2408274,taher,0,,,1,0,0,0,0,0,0
327,0,2024-08-31,8,ESSOURI DISTRIBUTION,208.8,,taher,0,,,1,0,0,0,0,0,0
328,0,2024-09-04,20,Societe el ahram,1793.289,,taher,0,,,1,0,0,0,0,0,0
329,0,2024-09-05,1,SDC,34.972,,taher,0,,,1,0,0,0,0,0,0
330,0,2024-09-06,1,SDC,455.384,FAC-202409-2409278,taher,0,,,1,0,0,0,0,0,0
331,0,2024-09-06,4,lilas,996.358,B.L.N 0410414061,taher,0,,,1,0,0,0,0,0,0
332,0,2024-09-06,4,lilas,249.243,B.L.N0402222654,taher,0,,,1,0,0,0,0,0,0
333,0,2024-09-07,8,ESSOURI DISTRIBUTION,4031.584,BL025761,taher,0,,,1,0,0,0,0,0,0
334,0,2024-09-08,4,lilas,556.823,Lilas cosmétiques ,taher,0,,,1,0,0,0,0,0,0
336,0,2024-09-09,1,SDC,1237.094,FAC-202409-2409279,taher,0,,,1,0,0,0,0,0,0
337,0,2024-09-09,18,det,20.482,DET-OMO 280 g,taher,0,,,1,0,0,0,0,0,0
338,0,2024-09-10,6,Canal Food ( sunsilk),2312.38,,taher,0,,,1,0,0,0,0,0,0
339,0,2024-09-11,1,SDC,1241.533,FAC-202409-2409281,taher,0,,,1,0,0,0,0,0,0
340,0,2024-09-11,1,SDC,440.60821,FAC-202409-240982,Mohamed Ali,0,,,1,0,0,392,0,0,0
341,0,2024-09-11,4,lilas,241.52,9968500878,taher,0,,,1,0,0,0,0,0,0
342,0,2024-09-12,8,ESSOURI DISTRIBUTION,162.96,BL025871,taher,0,,,1,0,0,0,0,0,0
343,0,2024-09-12,3,Négoce distribution (Judy),324.418,9030786913,taher,0,,,1,0,0,0,0,0,0
344,0,2024-09-12,8,ESSOURI DISTRIBUTION,625.96,BL025872,taher,0,,,1,0,0,0,0,0,0
345,0,2024-09-13,21,correction stock,764.5692285,correction stock Campact power gel machine,Mohamed Ali,0,,,1,0,0,0,0,0,0
346,0,2024-09-13,11,peaudeauce,1161.7,20,taher,0,,,1,0,0,0,0,0,0
347,0,2024-09-13,11,peaudeauce,6.0,echange,taher,0,,,1,0,0,0,0,0,0
348,0,2024-09-13,8,ESSOURI DISTRIBUTION,966.768,,taher,0,,,1,0,0,0,0,0,0
349,0,2024-09-13,1,SDC,911.498,FAC-202409-2409285,taher,0,,,1,0,0,0,0,0,0
350,0,2024-09-17,15,Trading Distr company,111.9,,taher,0,,,1,0,0,0,0,0,0
351,0,2024-09-18,1,SDC,150.768,FAC-202409-2409289,taher,0,,,1,0,0,0,0,0,0
352,0,2024-09-18,4,lilas,11.155,echange,taher,0,,,1,0,0,0,0,0,0
353,0,2024-09-19,22,Azur detergents,881.866,B.L.N 0402222904,taher,0,,,1,0,0,0,0,0,0
354,0,2024-09-19,1,SDC,904.284,FAC-202409-2409290,taher,0,,,1,0,0,0,0,0,0
355,0,2024-09-20,21,correction stock,30.671,,taher,0,,,1,0,0,0,0,0,0
356,0,2024-09-20,21,correction stock,428.71,,taher,0,,,1,0,0,0,0,0,0
357,0,2024-09-21,11,peaudeauce,1500.791,,taher,0,,,1,0,0,0,0,0,0
358,0,2024-09-21,16,sojama,1227.654,,taher,0,,,1,0,0,0,0,0,0
359,0,2024-09-21,8,ESSOURI DISTRIBUTION,1743.855,,taher,0,,,1,0,0,0,0,0,0
361,0,2024-09-23,6,Canal Food ( sunsilk),424.0,BL/FN926734,Mohamed Ali,0,,,1,0,0,0,0,0,0
362,0,2024-09-23,23,Inside,435.033,,taher,0,,,1,0,0,0,0,0,0
363,0,2024-09-23,24,correction stock axe,344.273,,taher,0,,,1,0,0,0,0,0,0
364,0,2024-09-24,8,ESSOURI DISTRIBUTION,589.933,,taher,0,,,1,0,0,0,0,0,0
365,0,2024-09-26,1,SDC,893.84,FAC-202409-2409292,taher,0,,,1,0,0,0,0,0,0
366,0,2024-09-27,1,SDC,2151.552,FAC-202409-2409294,taher,0,,,1,0,0,0,0,0,0
367,0,2024-09-27,1,SDC,1320.1,FAC-202409-2409300,taher,0,,,1,0,0,0,0,0,0
368,0,2024-09-27,16,sojama,2559.762,,taher,0,,,1,0,0,0,0,0,0
369,0,2024-09-27,4,lilas,82.81,9968501074,taher,0,,,1,0,0,0,0,0,0
370,0,2024-09-27,4,lilas,1147.845,9968501074,taher,0,,,1,0,0,0,0,0,0
371,0,2024-09-28,4,lilas,152.142,B.L.N 0402223084,taher,0,,,1,0,0,0,0,0,0
372,0,2024-09-30,17,RED GO,1062.747,FAC045-013146,taher,0,,,1,0,0,0,0,0,0
373,0,2024-10-02,1,SDC,216.92,FAC-202409-2409302,taher,0,,,1,0,0,0,0,0,0
374,0,2024-10-02,4,lilas,440.567,B.L.N0410414472,taher,0,,,1,0,0,0,0,0,0
375,0,2024-10-03,25,smart distribution,4061.218,BLF/2024/6755,taher,0,,,1,0,0,0,0,0,0
376,0,2024-10-04,26,PHOENIX DISTRIBUTION,946.9,20,taher,0,,,1,0,0,0,0,0,0
377,0,2024-10-04,8,ESSOURI DISTRIBUTION,789.766,FC2429524,taher,0,,,1,0,0,0,0,0,0
378,0,2024-10-05,1,SDC,869.335,FAC-202410-2410306,taher,0,,,1,0,0,0,0,0,0
379,0,2024-10-05,8,ESSOURI DISTRIBUTION,102.96,BL026388,taher,0,,,1,0,0,0,0,0,0
380,0,2024-10-07,1,SDC,496.918,FAC-202410-2410307,taher,0,,,1,0,0,0,0,0,0
381,0,2024-10-07,1,SDC,1456.846,DEV-202409-11,taher,0,,,1,0,0,0,0,0,0
382,0,2024-10-07,1,SDC,706.396,FAC-202410-2410308,taher,0,,,1,0,0,0,0,0,0
383,0,2024-10-07,5,jaspé,1344.1258967,corection inventaire ,Mohamed Ali,0,,,1,0,0,0,0,0,0
384,0,2024-10-11,9,Irsan de Service,164.4,123,taher,0,,,1,0,0,0,0,0,0
385,0,2024-10-14,4,lilas,719.324,B.L.N 0402223348,taher,0,,,1,0,0,0,0,0,0
387,0,2024-10-14,4,lilas,553.955,99104404665,taher,0,,,1,0,0,0,0,0,0
388,0,2024-10-15,1,SDC,646.15,,Mohamed Ali,0,,,1,0,0,0,0,0,0
389,0,2024-10-16,1,SDC,2222.933,BLI-202410-36,Mohamed Ali,0,,,1,0,0,0,0,0,0
390,0,2024-10-18,3,Négoce distribution (Judy),630.512,9030816107,Mohamed Ali,0,,,1,0,0,0,0,0,0
391,0,2024-10-19,26,PHOENIX DISTRIBUTION,832.61428,20,Mohamed Ali,0,,,1,0,0,0,0,0,0
392,0,2024-09-11,1,SDC,-165.29695,,Mohamed Ali,0,,,1,0,0,0,340,0,0
393,0,2024-10-23,1,SDC,463.07422,FAC-202410-2410313,Mohamed Ali,0,,,1,0,0,0,0,0,0
394,0,2024-10-24,8,ESSOURI DISTRIBUTION,1525.418188,BL026735,Mohamed Ali,0,,,1,0,0,0,0,0,0
395,0,2024-10-24,16,sojama,625.0,FA240790,Mohamed Ali,0,,,1,0,0,0,0,0,0
397,0,2024-10-26,4,lilas,672.39,B.L.N 0410414838,Mohamed Ali,0,,,1,0,0,0,0,0,0
398,0,2024-10-26,22,Azur detergents,249.14197,B.L.N 0402223579,Mohamed Ali,0,,,1,0,0,0,0,0,0
399,0,2024-10-26,28,azur cosmetics,451.19141,B.L.N 0468501449,Mohamed Ali,0,,,1,0,0,0,0,0,0
400,0,2024-10-26,28,azur cosmetics,39.708,9968501460,Mohamed Ali,0,,,1,0,0,0,0,0,0
401,0,2024-10-28,1,SDC,2866.7744385,BLI-202410-81,Mohamed Ali,0,,,1,0,0,0,0,0,0
402,0,2024-02-26,1,SDC,-987.5455,corection inventaire,Mohamed Ali,0,,,1,0,0,0,113,0,0
403,0,2024-10-30,15,Trading Distr company,599.57079,BLN: 4-BLN84460,Mohamed Ali,0,,,1,0,0,0,0,0,0
404,0,2024-11-01,1,SDC,2637.6992005,BLI-202410-98,Mohamed Ali,0,,,1,0,0,0,0,0,0
405,0,2024-11-01,1,SDC,399.99589,FAC-202410-2411323,Mohamed Ali,0,,,1,0,0,0,0,0,0
406,0,2024-11-02,26,PHOENIX DISTRIBUTION,1637.3882,01,Mohamed Ali,0,,,1,0,0,0,0,0,0
413,0,2024-11-06,17,RED GO,711.9173376,044-0479092,Mohamed Ali,0,,,1,0,0,0,0,0,0
414,0,2024-11-06,8,ESSOURI DISTRIBUTION,682.8537379,BL027193,Mohamed Ali,0,,,1,0,0,0,0,0,0
415,0,2024-11-08,3,Négoce distribution (Judy),368.99758,9030832500,Mohamed Ali,0,,,1,0,0,0,0,0,0
416,0,2024-11-08,6,Canal Food ( sunsilk),8.74,1,Mohamed Ali,0,,,1,0,0,417,0,0,0
417,0,2024-11-08,6,Canal Food ( sunsilk),-244.72,1,Mohamed Ali,0,,,1,0,0,0,416,0,0
418,0,2024-11-08,6,Canal Food ( sunsilk),244.33032,931499,Mohamed Ali,0,,,1,0,0,0,0,0,0
419,0,2024-11-08,26,PHOENIX DISTRIBUTION,102.0,10,Mohamed Ali,0,,,1,0,0,0,0,0,0
420,0,2024-11-08,8,ESSOURI DISTRIBUTION,826.0685336,BL027261,Mohamed Ali,0,,,1,0,0,0,0,0,0
421,0,2024-11-08,4,lilas,676.18218,B.L.N 0410415070,Mohamed Ali,0,,,1,0,0,0,0,0,0
422,0,2024-11-09,28,azur cosmetics,535.62738,B.L.N 0402223820,Mohamed Ali,0,,,1,0,0,0,0,0,0
423,0,2024-11-09,1,SDC,970.086388,FAC-202411-2411330,Mohamed Ali,0,,,1,0,0,0,0,0,0
424,0,2024-11-09,1,SDC,332.30274,FAC-202411-2411331,Mohamed Ali,0,,,1,0,0,0,0,0,0
427,0,2024-11-13,1,SDC,60.42582,BLI-202411-129,Mohamed Ali,0,,,1,0,0,0,0,0,0
428,0,2024-11-16,1,SDC,1495.287241,FAC-202411-2411333,Mohamed Ali,0,,,1,0,0,0,0,0,0
429,0,2024-11-20,15,Trading Distr company,448.751856,4-BLN84515,Mohamed Ali,0,,,1,0,0,0,0,0,0
430,0,2024-11-21,1,SDC,1436.448048,BLI-202411-150,Mohamed Ali,0,,,1,0,0,0,0,0,0
431,0,2024-11-22,28,azur cosmetics,366.7197,B.L.N 0468501763,Mohamed Ali,0,,,1,0,0,0,0,0,0
432,0,2024-11-23,22,Azur detergents,509.30572,B.L.N 0402224034,Mohamed Ali,0,,,1,0,0,0,0,0,0
433,0,2024-11-25,3,Négoce distribution (Judy),560.8481616,9030845822,Mohamed Ali,0,,,1,0,0,0,0,0,0
434,0,2024-11-25,8,ESSOURI DISTRIBUTION,564.644146,BL027716,Mohamed Ali,0,,,1,0,0,0,0,0,0
435,0,2024-11-27,17,RED GO,458.0945395,046-046612,Mohamed Ali,0,,,1,0,0,0,0,0,0
436,0,2024-11-28,1,SDC,1001.151046,FAC-202411-2411339,Mohamed Ali,0,,,1,0,0,0,0,0,0
437,0,2024-11-28,1,SDC,403.07204,FAC-202411-2411340,Mohamed Ali,0,,,1,0,0,0,0,0,0
438,0,2024-11-28,26,PHOENIX DISTRIBUTION,164.99826,10,Mohamed Ali,0,,,1,0,0,0,0,0,0
439,0,2024-11-29,1,SDC,412.5790095,FAC-202411-2411342,Mohamed Ali,0,,,1,0,0,0,0,0,0
440,0,2024-11-29,1,SDC,332.3674,BLI-202411-169,Mohamed Ali,0,,,1,0,0,0,0,0,0
441,0,2024-11-29,1,SDC,2126.97784,BLI-202411-167,Mohamed Ali,0,,,1,0,0,0,0,0,0
442,0,2024-11-29,26,PHOENIX DISTRIBUTION,119.2,11,Mohamed Ali,0,,,1,0,0,0,0,0,0
443,0,2024-11-29,1,SDC,96.38564,FAC-202411-2411343,Mohamed Ali,0,,,1,0,0,0,0,0,0
444,0,2024-12-04,4,lilas,1050.30045,B.L.N 0410415465,Mohamed Ali,0,,,1,0,0,0,0,0,0
445,0,2024-12-06,1,SDC,2377.311,FAC-202412-2412347,Mohamed Ali,0,,,1,0,0,0,0,0,0
446,0,2024-12-06,28,azur cosmetics,183.15,B.L. N 0468501939,Mohamed Ali,0,,,1,0,0,0,0,0,0
447,0,2024-12-07,26,PHOENIX DISTRIBUTION,144.9896,12,Mohamed Ali,0,,,1,0,0,0,0,0,0
448,0,2024-12-07,29,ste beedi,834.0,BLC24-1697,Mohamed Ali,0,,,1,0,0,0,0,0,0
449,0,2024-12-07,4,lilas,1997.3822,B.L.N 0410415543,Mohamed Ali,0,,,1,0,0,0,0,0,0
450,0,2024-12-07,1,SDC,1504.24092,BLI-202412-197,Mohamed Ali,0,,,1,0,0,0,0,0,0
451,0,2024-12-07,1,SDC,297.647441,BLI-202412-196,Mohamed Ali,0,,,1,0,0,0,0,0,0
452,0,2024-12-07,1,SDC,1283.91996,BLI-202412-198,Mohamed Ali,0,,,1,0,0,0,0,0,0
453,0,2024-12-07,1,SDC,288.69202,FAC-202412-2412348,Mohamed Ali,0,,,1,0,0,0,0,0,0
454,0,2024-12-07,1,SDC,684.0,123,Mohamed Ali,0,,,1,0,0,0,0,0,0
455,0,2024-12-09,3,Négoce distribution (Judy),321.21313,9030856796,Mohamed Ali,0,,,1,0,0,0,0,0,0
456,0,2024-12-10,15,Trading Distr company,51.546,4-CM80247,Mohamed Ali,0,,,1,0,0,0,0,0,0
457,0,2024-12-11,30,ste bgm propreté,123.43672,FAB20240683,Mohamed Ali,0,,,1,0,0,0,0,0,0
458,0,2024-12-11,31,ste sponge-jex,784.1665769,FAS20240866,Mohamed Ali,0,,,1,0,0,0,0,0,0
459,0,2024-12-12,1,SDC,227.766,BLI-202412-207,Mohamed Ali,0,,,1,0,0,0,0,0,0
460,0,2024-12-12,26,PHOENIX DISTRIBUTION,856.0,0051,Mohamed Ali,0,,,1,0,0,0,0,0,0
461,0,2024-12-13,8,ESSOURI DISTRIBUTION,748.1518572,BL028348,Mohamed Ali,0,,,1,0,0,0,0,0,0
462,0,2024-12-14,1,SDC,747.343324,BLI-202412-226,Mohamed Ali,0,,,1,0,0,0,0,0,0
463,0,2024-12-14,1,SDC,770.0847,BLI-202412-227,Mohamed Ali,0,,,1,0,0,0,0,0,0
464,0,2024-12-14,1,SDC,459.9945,FAC-202412-2412354,Mohamed Ali,0,,,1,0,0,0,0,0,0
465,0,2024-12-14,1,SDC,183.0815,BLI-202412-230,Mohamed Ali,0,,,1,0,0,0,0,0,0
466,0,2024-12-18,22,Azur detergents,418.0862104,B.L. N 0402224460,Mohamed Ali,0,,,1,0,0,0,0,0,0
467,0,2024-12-18,28,azur cosmetics,162.38928,B.L N 0468502059,Mohamed Ali,0,,,1,0,0,0,0,0,0
468,0,2024-12-19,26,PHOENIX DISTRIBUTION,330.8778,02,Mohamed Ali,0,,,1,0,0,0,0,0,0
469,0,2024-12-20,1,SDC,1549.402015,BLI-202412-246,Mohamed Ali,0,,,1,0,0,0,0,0,0
470,0,2024-12-20,1,SDC,991.647944,BLI-202412-245,Mohamed Ali,0,,,1,0,0,0,0,0,0
471,0,2024-12-21,1,SDC,644.669172,FAC-202412-2412359,Mohamed Ali,0,,,1,0,0,0,0,0,0
472,0,2024-12-21,1,SDC,3088.42944,fac-202412-24112358,Mohamed Ali,0,,,1,0,0,0,0,0,0
473,0,2024-12-25,1,SDC,202.062,BLI-202412-261,Mohamed Ali,0,,,1,0,0,0,0,0,0
474,0,2024-12-26,3,Négoce distribution (Judy),217.34398,9030869903,Mohamed Ali,0,,,1,0,0,0,0,0,0
475,0,2024-12-26,8,ESSOURI DISTRIBUTION,2212.3232894,BL028735,Mohamed Ali,0,,,1,0,0,0,0,0,0
476,0,2024-12-27,23,Inside,622.65312,22401802,Mohamed Ali,0,,,1,0,0,0,0,0,0
477,0,2024-12-27,23,Inside,848.17488,22401801,Mohamed Ali,0,,,1,0,0,0,0,0,0
478,0,2024-12-27,1,SDC,253.921605,BLI-202412-268,Mohamed Ali,0,,,1,0,0,0,0,0,0
479,0,2024-12-28,1,SDC,382.0442045,FAC-202412-2412357,Mohamed Ali,0,,,1,0,0,0,0,0,0
480,0,2025-01-04,4,lilas,220.13616,B.L. N0410400011,Mohamed Ali,0,,,1,0,0,0,0,0,0
481,0,2025-01-04,26,PHOENIX DISTRIBUTION,849.22,30,Mohamed Ali,0,,,1,0,0,0,0,0,0
482,0,2025-01-06,5,jaspé,1500.8660042,inventaire 2023,Mohamed Ali,0,,,1,0,0,0,0,0,0
490,0,2025-01-08,8,ESSOURI DISTRIBUTION,1042.1758182,BL029063,Mohamed Ali,0,,,1,0,0,0,0,0,0
491,0,2025-01-08,13,(GTC) Global Trading Company,112.455,F25/8,Mohamed Ali,0,,,1,0,0,0,0,0,0
492,0,2025-01-08,14,Aseptika,1636.0948075,F25/16,Mohamed Ali,0,,,1,0,0,0,0,0,0
493,0,2025-01-10,22,Azur detergents,328.64825,B.L. N 0402224597,Mohamed Ali,0,,,1,0,0,0,0,0,0
494,0,2025-01-10,28,azur cosmetics,170.26874,B.L. N 0468502296,Mohamed Ali,0,,,1,0,0,0,0,0,0
495,0,2025-01-10,1,SDC,1637.4323245,FAC-202501-2501006,Mohamed Ali,0,,,1,0,0,0,0,0,0
496,0,2025-01-11,1,SDC,609.69888,FAC-202501-2501007,Mohamed Ali,0,,,1,0,0,0,0,0,0
497,0,2025-01-14,1,SDC,1020.753678,FAC-202501-25021011,Mohamed Ali,0,,,1,0,0,0,0,0,0
498,0,2025-01-14,1,SDC,403.08275,FAC-202501-2501010,Mohamed Ali,0,,,1,0,0,0,0,0,0
499,0,2025-01-14,17,RED GO,942.66408,043-041522,Mohamed Ali,0,,,1,0,0,0,0,0,0
500,0,2025-01-18,26,PHOENIX DISTRIBUTION,289.9792,20,Mohamed Ali,0,,,1,0,0,0,0,0,0
501,0,2025-01-20,32,STE SOL HYGIENE,574.952,001477,Mohamed Ali,0,,,1,0,0,0,0,0,0
502,0,2025-01-21,4,lilas,1564.66366,B.L. N 0410400282,Mohamed Ali,0,,,1,0,0,0,0,0,0
503,0,2025-01-21,4,lilas,771.1627,9910400296,Mohamed Ali,0,,,1,0,0,0,0,0,0
504,0,2025-01-22,15,Trading Distr company,142.6,4-BLN84645,Mohamed Ali,0,,,1,0,0,0,0,0,0
505,0,2025-01-23,25,smart distribution,388.44496,BLF/2025/0436,Mohamed Ali,0,,,1,0,0,0,0,0,0
506,0,2025-01-24,22,Azur detergents,773.04423,B.L. N 0402224839,Mohamed Ali,0,,,1,0,0,0,0,0,0
507,0,2025-01-24,1,SDC,5172.903214,FAC-202501-251018,Mohamed Ali,0,,,1,0,0,0,0,0,0
508,0,2025-01-24,1,SDC,3199.41972,FAC-202501-2501019,Mohamed Ali,0,,,1,0,0,0,0,0,0
509,0,2025-01-24,16,sojama,722.09676,2501 18,Mohamed Ali,0,,,1,0,0,0,0,0,0
510,0,2025-01-24,33,Nihel négoce,1461.722,FAC-NES01-25010103,Mohamed Ali,0,,,1,0,0,0,0,0,0
511,0,2025-01-28,17,RED GO,359.3879888,043-041844,Mohamed Ali,0,,,1,0,0,0,0,0,0
512,0,2025-01-30,6,Canal Food ( sunsilk),1778.3651898,952173,Mohamed Ali,0,,,1,0,0,0,0,0,0
513,0,2025-01-30,8,ESSOURI DISTRIBUTION,466.3732872,BL029682,Mohamed Ali,0,,,1,0,0,0,0,0,0
514,0,2025-01-30,1,SDC,2801.953532,BLI-202501-73,Mohamed Ali,0,,,1,0,0,0,0,0,0
515,0,2025-01-31,8,ESSOURI DISTRIBUTION,1170.2134256,BL029723,Mohamed Ali,0,,,1,0,0,0,0,0,0
516,0,2025-02-01,26,PHOENIX DISTRIBUTION,425.62,10,Mohamed Ali,0,,,1,0,0,0,0,0,0
517,0,2025-02-03,3,Négoce distribution (Judy),493.5266056,9030897775,Mohamed Ali,0,,,1,0,0,0,0,0,0
518,0,2025-02-03,34,andalousia,1990.7394165,03022025,Mohamed Ali,0,,,1,0,0,0,0,0,0
519,0,2025-02-05,15,Trading Distr company,5721.207744,0205/2025,Mohamed Ali,0,,,1,0,0,0,0,0,0
520,0,2025-02-07,6,Canal Food ( sunsilk),555.87738,952199,Mohamed Ali,0,,,1,0,0,0,0,0,0
521,0,2025-02-08,1,SDC,813.4163485,FAC-202502-2502029,Mohamed Ali,0,,,1,0,0,0,0,0,0
522,0,2025-02-08,1,SDC,78.46146,FAC-202502-2502030,Mohamed Ali,0,,,1,0,0,0,0,0,0
523,0,2025-02-11,1,SDC,1476.5033885,BLI-202502-120,Mohamed Ali,0,,,1,0,0,0,0,0,0
524,0,2025-02-15,8,ESSOURI DISTRIBUTION,961.0131698,BL030162,Mohamed Ali,0,,,1,0,0,0,0,0,0
525,0,2025-02-15,26,PHOENIX DISTRIBUTION,486.15,200,Mohamed Ali,0,,,1,0,0,0,0,0,0
526,0,2025-02-17,4,lilas,427.35042,B.L.N0410400749,Mohamed Ali,0,,,1,0,0,0,0,0,0
527,0,2025-02-17,3,Négoce distribution (Judy),679.50428,9030908900,Mohamed Ali,0,,,1,0,0,0,0,0,0
528,0,2025-02-17,3,Négoce distribution (Judy),514.0443,123456,Mohamed Ali,0,,,1,0,0,0,0,0,0
529,0,2025-02-18,35,ste irssan de services,236.4,18022025,Mohamed Ali,0,,,1,0,0,0,0,0,0
530,0,2025-02-18,4,lilas,2248.853312,B.L.N 0410400746,Mohamed Ali,0,,,1,0,0,0,0,0,0
531,0,2025-02-18,28,azur cosmetics,1434.6749606,B.L.N0402225293,Mohamed Ali,0,,,1,0,0,0,0,0,0
532,0,2025-02-18,17,RED GO,275.0406592,044-049299,Mohamed Ali,0,,,1,0,0,0,0,0,0
533,0,2025-02-19,28,azur cosmetics,228.62125,B.L.N 0468502834,Mohamed Ali,0,,,1,0,0,0,0,0,0
534,0,2025-02-20,8,ESSOURI DISTRIBUTION,1335.9496394,BL030298,Mohamed Ali,0,,,1,0,0,0,0,0,0
535,0,2025-02-20,8,ESSOURI DISTRIBUTION,1231.3504294,BL030297,Mohamed Ali,0,,,1,0,0,0,0,0,0
536,0,2025-02-21,32,STE SOL HYGIENE,122.496,001852,Mohamed Ali,0,,,1,0,0,0,0,0,0
537,0,2025-02-22,8,ESSOURI DISTRIBUTION,741.5384802,FC2430708,Mohamed Ali,0,,,1,0,0,0,0,0,0
552,0,2025-02-24,28,azur cosmetics,869.06826,BLN0468502900,Mohamed Ali,0,,,1,0,0,0,0,0,0
554,0,2025-02-24,28,azur cosmetics,78.492,BLN0468502901,Mohamed Ali,0,,,1,0,0,0,0,0,0
555,0,2025-02-24,6,Canal Food ( sunsilk),216.0,953597,Mohamed Ali,0,,,1,0,0,0,0,0,0
556,0,2025-02-27,1,SDC,1354.3886825,BLI-202502-161,Mohamed Ali,0,,,1,0,0,0,0,0,0
557,0,2025-02-27,36,MBwaay delivery,726.0551,000444,Mohamed Ali,0,,,1,0,0,0,0,0,0
558,0,2025-03-03,3,Négoce distribution (Judy),1678.86,9030920347,Mohamed Ali,0,,,1,0,0,0,0,0,0
559,0,2025-03-05,22,Azur detergents,681.44,05032025,Mohamed Ali,0,,,1,0,0,0,0,0,0
560,0,2025-03-05,37,ulysse hyper,390.9170076,019966,Mohamed Ali,0,,,1,0,0,0,0,0,0
561,0,2025-03-05,8,ESSOURI DISTRIBUTION,63.62454,05032025,Mohamed Ali,0,,,1,0,0,0,0,0,0
562,0,2025-03-10,22,Azur detergents,1043.29604,B.L.N0402225673,Mohamed Ali,0,,,1,0,0,0,0,0,0
563,0,2025-03-10,1,SDC,1329.096244,BLI-202503-20,Mohamed Ali,0,,,1,0,0,0,0,0,0
564,0,2025-03-11,3,Négoce distribution (Judy),1901.07505,9030926427,Mohamed Ali,0,,,1,0,0,0,0,0,0
565,0,2025-03-11,17,RED GO,1181.1265136,044-049699,Mohamed Ali,0,,,1,0,0,0,0,0,0
566,0,2025-03-12,1,SDC,90.0,12032025,Mohamed Ali,0,,,1,0,0,0,0,0,0
567,0,2025-03-12,28,azur cosmetics,475.9035982,B.L.N 0468503119,Mohamed Ali,0,,,1,0,0,0,0,0,0
568,0,2025-03-12,23,Inside,356.68608,22500346,Mohamed Ali,0,,,1,0,0,0,0,0,0
569,0,2025-03-12,4,lilas,734.46206,B.L.N 0410401113,Mohamed Ali,0,,,1,0,0,0,0,0,0
570,0,2025-03-12,1,SDC,2661.418262,BLI-202503-30,Mohamed Ali,0,,,1,0,0,0,0,0,0
571,0,2025-03-13,38,BOL TEINTURE,10.0,13032025,Mohamed Ali,0,,,1,0,0,0,0,0,0
572,0,2025-03-13,1,SDC,2962.21452,9309185922,Mohamed Ali,0,,,1,0,0,0,0,0,0
573,0,2025-03-15,1,SDC,1469.8404,DEV-202503-6,Mohamed Ali,0,,,1,0,0,0,0,0,0
574,0,2025-03-15,1,SDC,568.8795,DEV-202503-7,Mohamed Ali,0,,,1,0,0,0,0,0,0
575,0,2025-03-15,1,SDC,1253.33775,DEV-202503-8,Mohamed Ali,0,,,1,0,0,0,0,0,0
576,0,2025-03-17,17,RED GO,1002.70584,044-049822,Mohamed Ali,0,,,1,0,0,0,0,0,0
577,0,2025-03-18,8,ESSOURI DISTRIBUTION,1030.9423674,BL031019,Mohamed Ali,0,,,1,0,0,0,0,0,0
578,0,2025-03-18,4,lilas,967.54668,9910401223,Mohamed Ali,0,,,1,0,0,0,0,0,0
579,0,2025-03-18,1,SDC,2119.48996,BLI-202503-61,Mohamed Ali,0,,,1,0,0,0,0,0,0
580,0,2025-03-19,1,SDC,370.77306,FAC-202503-2503044,Mohamed Ali,0,,,1,0,0,0,0,0,0
581,0,2025-03-19,4,lilas,1001.42623,B.L.N0402225847,Mohamed Ali,0,,,1,0,0,0,0,0,0
582,0,2025-03-20,1,SDC,84.0,20032019,Mohamed Ali,0,,,1,0,0,0,0,0,0
583,0,2025-03-21,6,Canal Food ( sunsilk),137.4,964930,Mohamed Ali,0,,,1,0,0,0,0,0,0
584,0,2025-03-21,39,Bakowet,582.01472,BLC25-0537,Mohamed Ali,0,,,1,0,0,0,0,0,0
585,0,2025-03-21,8,ESSOURI DISTRIBUTION,170.25,031132,Mohamed Ali,0,,,1,0,0,0,0,0,0
586,0,2025-03-22,8,ESSOURI DISTRIBUTION,170.236164,BL031132,Mohamed Ali,0,,,1,0,0,0,0,0,0
587,0,2025-03-22,1,SDC,1693.6367385,BLI-202503-80,Mohamed Ali,0,,,1,0,0,0,0,0,0
588,0,2025-03-22,1,SDC,1003.04862,FAC-202503-2503046,Mohamed Ali,0,,,1,0,0,0,0,0,0
589,0,2025-03-24,3,Négoce distribution (Judy),1510.64193,9030935167,Mohamed Ali,0,,,1,0,0,0,0,0,0
590,0,2025-03-24,40,fleur de printemps,641.57184,fa250229,Mohamed Ali,0,,,1,0,0,0,0,0,0
591,0,2025-03-25,5,jaspé,101.5609636,retour facture,Mohamed Ali,0,,,1,0,0,0,0,0,0
592,0,2025-03-26,1,SDC,1552.145203,fac-202503-2503051,Mohamed Ali,0,,,1,0,0,0,0,0,0
595,0,2025-03-27,41,Florus distribution,758.25,9309186780,Mohamed Ali,0,,,1,0,0,0,0,0,0
596,0,2025-03-27,42,les trois roses de commerce et de distribution,84.0,00058,Mohamed Ali,0,,,1,0,0,0,0,0,0
597,0,2025-03-27,1,SDC,5205.536952,BLI-202503-92,Mohamed Ali,0,,,1,0,0,0,0,0,0
598,0,2025-03-27,1,SDC,556.92,FAC-202503-2503052,Mohamed Ali,0,,,1,0,0,0,0,0,0
599,0,2025-03-28,1,SDC,1470.65079,FAC-202503-2503056,Mohamed Ali,0,,,1,0,0,0,0,0,0
600,0,2025-03-28,1,SDC,403.7888365,BLI-202503-104,Mohamed Ali,0,,,1,0,0,0,0,0,0
601,0,2025-03-28,1,SDC,107.011107,BLI-202503-107,Mohamed Ali,0,,,1,0,0,0,0,0,0
602,0,2025-03-29,1,SDC,298.45676,FAC-202503-2503058,Mohamed Ali,0,,,1,0,0,0,0,0,0
603,0,2025-03-29,4,lilas,2183.8885872,B.L.N 0410401349,Mohamed Ali,0,,,1,0,0,0,0,0,0
604,0,2025-03-29,1,SDC,432.75183,BLI-202503-111,Mohamed Ali,0,,,1,0,0,0,0,0,0
605,0,2025-03-29,1,SDC,646.13787,FAC-202503-2503060,Mohamed Ali,0,,,1,0,0,0,0,0,0
606,0,2025-04-05,1,SDC,1210.526191,BLI-202504-120,Mohamed Ali,0,,,1,0,0,0,0,0,0
608,0,2025-04-05,8,ESSOURI DISTRIBUTION,409.5845079,BL031478,Mohamed Ali,0,,,1,0,0,0,0,0,0
609,0,2025-04-07,3,Négoce distribution (Judy),1804.23516,9030944605,Mohamed Ali,0,,,1,0,0,0,0,0,0
610,0,2025-04-07,43,STE BEEDI.COM,6.25,2516753,Mohamed Ali,0,,,1,0,0,0,0,0,0
611,0,2025-04-08,44,dziri-byassa,28.5,08/04/2025byassa,Mohamed Ali,0,,,1,0,0,0,0,0,0
612,0,2025-04-08,5,jaspé,563.1677314,080425 inventair,Mohamed Ali,0,,,1,0,0,0,0,0,0
613,0,2025-04-09,4,lilas,1323.263,B.L.N 0410401477,Mohamed Ali,0,,,1,0,0,0,0,0,0
614,0,2025-04-10,1,SDC,2887.5463645,BLI-202504-139,Mohamed Ali,0,,,1,0,0,0,0,0,0
615,0,2025-04-10,1,SDC,333.13495,FAC-202504-2504066,Mohamed Ali,0,,,1,0,0,0,0,0,0
616,0,2025-04-10,8,ESSOURI DISTRIBUTION,2433.8318597,FC2431115,Mohamed Ali,0,,,1,0,0,0,0,0,0
617,0,2025-04-11,13,(GTC) Global Trading Company,391.915,F25/179,Mohamed Ali,0,,,1,0,0,0,0,0,0
618,0,2025-04-11,14,Aseptika,982.11097,F25/403,Mohamed Ali,0,,,1,0,0,0,0,0,0
619,0,2025-04-11,6,Canal Food ( sunsilk),360.0,956611,Mohamed Ali,0,,,1,0,0,0,0,0,0
620,0,2025-04-11,19,societe el ahram,551.466,9468,Mohamed Ali,0,,,1,0,0,0,0,0,0
621,0,2025-04-11,19,societe el ahram,1192.13249,411000,Mohamed Ali,0,,,1,0,0,0,0,0,0
622,0,2025-04-11,19,societe el ahram,26.4,0023164,Mohamed Ali,0,,,1,0,0,0,0,0,0
623,0,2025-04-12,4,lilas,240.291,9910401578,Mohamed Ali,0,,,1,0,0,0,0,0,0
624,0,2025-04-14,17,RED GO,1077.0025648,044-050335,Mohamed Ali,0,,,1,0,0,0,0,0,0
625,0,2025-04-15,43,STE BEEDI.COM,219.9834,blc25-0752,Mohamed Ali,0,,,1,0,0,0,0,0,0
626,0,2025-04-17,1,SDC,2453.636248,BLI-202504-157,Mohamed Ali,0,,,1,0,0,0,0,0,0
627,0,2025-04-18,4,lilas,368.05969,0468503657,Mohamed Ali,0,,,1,0,0,0,0,0,0
628,0,2025-04-18,26,PHOENIX DISTRIBUTION,110.1226,18/04/2025,Mohamed Ali,0,,,1,0,0,0,0,0,0
629,0,2025-04-21,3,Négoce distribution (Judy),596.07695,9030955621,Mohamed Ali,0,,,1,0,0,0,0,0,0
630,0,2025-04-22,6,Canal Food ( sunsilk),716.0886,956512,Mohamed Ali,0,,,1,0,0,0,0,0,0
631,0,2025-04-22,8,ESSOURI DISTRIBUTION,690.4779483,fc2431228,Mohamed Ali,0,,,1,0,0,0,0,0,0
632,0,2025-04-22,40,fleur de printemps,871.2040776,0000035,Mohamed Ali,0,,,1,0,0,0,0,0,0
633,0,2025-04-23,8,ESSOURI DISTRIBUTION,495.11616,fc2431230,Mohamed Ali,0,,,1,0,0,0,0,0,0
634,0,2025-04-24,3,Négoce distribution (Judy),118.75248,9030958767,Mohamed Ali,0,,,1,0,0,0,0,0,0
635,0,2025-04-24,25,smart distribution,460.7918,blf/2025/2689,Mohamed Ali,0,,,1,0,0,0,0,0,0
636,0,2025-04-24,1,SDC,2827.3027216,bl-202504-196,Mohamed Ali,0,,,1,0,0,0,0,0,0
637,0,2025-04-24,1,SDC,803.05841,bli-202504-192,Mohamed Ali,0,,,1,0,0,0,0,0,0
638,0,2025-04-25,13,(GTC) Global Trading Company,1016.92632,4-CM80480,Mohamed Ali,0,,,1,0,0,0,0,0,0
639,0,2025-04-25,22,Azur detergents,949.39108,0402226481,Mohamed Ali,0,,,1,0,0,0,0,0,0
640,0,2025-04-25,43,STE BEEDI.COM,984.9749,blc25-0870,Mohamed Ali,0,,,1,0,0,0,0,0,0
641,0,2025-04-25,6,Canal Food ( sunsilk),296.08,956528,Mohamed Ali,0,,,1,0,0,0,0,0,0
642,0,2025-04-25,1,SDC,917.188811,bli-202504-200,Mohamed Ali,0,,,1,0,0,0,0,0,0
