productbysupplierid,supplierid,productid,startingprice,discount,fodec,kupd
1,1,2013,14.18,10.0,0.0,12013
2,1,2014,14.18,10.0,0.0,12014
3,1,2015,14.18,10.0,0.0,12015
4,1,2596,15.882,10.0,0.0,12596
5,1,2598,15.882,10.0,0.0,12598
6,1,178,9.6,9.0,0.0,1178
7,1,186,17.4,10.0,0.0,1186
8,1,323,3.927,10.0,0.0,1323
10,1,321,3.3,0.0,0.0,1321
11,1,1341,2.438,20.0,0.0,11341
12,1,235,18.25,7.0,0.0,1235
13,1,237,18.0,7.0,0.0,1237
14,1,2019,14.747,10.0,0.0,12019
15,1,249,9.8,7.0,0.0,1249
16,8,2632,17.16,0.0,0.0,82632
17,1,1198,12.928,0.0,0.0,11198
18,1,1210,12.928,0.0,0.0,11210
19,1,1095,12.928,0.0,0.0,11095
20,1,1101,12.928,0.0,0.0,11101
21,1,1137,12.928,0.0,0.0,11137
22,1,1142,12.928,0.0,0.0,11142
23,1,1141,9.05,0.0,0.0,11141
24,1,1153,12.928,0.0,0.0,11153
25,1,1163,12.928,0.0,0.0,11163
26,1,1191,9.05,0.0,0.0,11191
27,1,1197,9.05,0.0,0.0,11197
28,1,781,9.8,0.0,0.0,1781
29,1,779,9.8,0.0,0.0,1779
30,1,777,9.8,0.0,0.0,1777
31,1,776,10.8,0.0,0.0,1776
32,1,832,10.8,0.0,0.0,1832
33,1,817,3.902,10.0,0.0,1817
34,1,810,3.902,99.9,0.0,1810
35,1,812,3.902,10.0,0.0,1812
36,1,1310,6.578,10.0,0.0,11310
37,1,245,9.8,7.0,0.0,1245
38,1,240,7.25,7.0,0.0,1240
39,1,12,13.95,9.0,0.0,112
40,1,122,9.5,15.0,0.0,1122
41,1,137,10.2,15.0,0.0,1137
42,1,153,7.2,15.0,0.0,1153
43,1,2501,11.5,15.0,0.0,12501
45,1,2595,14.747,10.0,0.0,12595
46,1,2594,14.747,10.0,0.0,12594
48,1,2597,15.882,10.0,0.0,12597
49,1,1321,6.578,10.0,0.0,11321
50,5,967,1.081,0.0,0.0,5967
52,5,994,14.5,0.0,0.0,5994
53,5,995,14.5,0.0,0.0,5995
54,5,996,12.815,0.0,0.0,5996
55,5,999,2.605,0.0,0.0,5999
56,5,1006,2.437,0.0,0.0,51006
57,5,1028,2.325,0.0,0.0,51028
58,5,1033,27.5,0.0,0.0,51033
59,5,1034,28.501,0.0,0.0,51034
60,5,2572,8.727,0.0,0.0,52572
61,5,2668,4.601,0.0,0.0,52668
73,5,2538,3.771,0.0,0.0,52538
74,8,2695,1.358,0.0,0.0,82695
75,8,2697,1.358,0.0,0.0,82697
76,8,2696,1.358,0.0,0.0,82696
77,8,2847,1.358,0.0,0.0,82847
86,9,2853,5.5,0.0,0.0,92853
87,9,2848,2.2,0.0,0.0,92848
88,9,2852,2.0,0.0,0.0,92852
89,9,1546,2.5,0.0,0.0,91546
90,9,2851,1.5,0.0,0.0,92851
103,5,513,2.016,0.0,0.0,5513
104,5,516,2.016,0.0,0.0,5516
105,5,597,1.664,0.0,0.0,5597
106,5,668,2.105,0.0,0.0,5668
107,5,673,1.373,0.0,0.0,5673
108,5,763,6.586,10.0,0.0,5763
109,5,766,6.381,10.0,0.0,5766
110,5,929,1.463,0.0,0.0,5929
111,5,930,1.463,0.0,0.0,5930
112,5,972,5.2,0.0,0.0,5972
113,5,1030,1.973,0.0,0.0,51030
114,5,1098,1.765,3.0,0.0,51098
115,5,1167,0.529,0.0,0.0,51167
116,5,1260,3.487,0.0,0.0,51260
117,5,1279,3.697,0.0,0.0,51279
118,5,1428,2.8,0.0,0.0,51428
119,5,1429,1.13,0.0,0.0,51429
120,5,1443,2.059,0.0,0.0,51443
121,5,1486,3.852,0.0,0.0,51486
122,5,1575,21.303,0.0,0.0,51575
123,5,1873,3.852,0.0,0.0,51873
124,5,1898,7.983,0.0,0.0,51898
125,5,2144,11.207,0.0,0.0,52144
126,5,2145,2.311,3.0,0.0,52145
127,5,2225,10.2,20.0,0.0,52225
128,5,2266,1.365,3.0,0.0,52266
129,5,2267,1.365,3.0,0.0,52267
130,5,2342,1.513,3.0,0.0,52342
131,5,2346,1.974,0.0,0.0,52346
132,5,2370,1.26,0.0,0.0,52370
133,5,2568,4.601,0.0,0.0,52568
134,5,2617,1.1,0.0,0.0,52617
179,5,771,6.381,10.0,0.0,5771
180,5,1076,2.619,0.0,0.0,51076
182,4,943,21.303,0.0,0.0,4943
183,4,945,13.572,0.0,0.0,4945
184,4,947,14.201,0.0,0.0,4947
185,4,946,13.572,0.0,0.0,4946
186,4,1879,14.202,0.0,0.0,41879
187,4,938,2.787,0.0,0.0,4938
188,4,955,4.243,0.0,0.0,4955
189,4,2404,12.184,0.0,0.0,42404
190,4,2402,12.184,0.0,0.0,42402
191,4,2403,12.184,0.0,0.0,42403
192,4,928,4.656,0.0,0.0,4928
193,4,930,1.463,0.0,0.0,4930
194,4,966,13.033,0.0,0.0,4966
195,4,1010,5.7,0.0,0.0,41010
196,4,1006,2.437,0.0,0.0,41006
197,4,1002,2.541,3.0,0.0,41002
198,4,1001,2.541,3.0,0.0,41001
199,4,1035,28.501,0.0,0.0,41035
205,4,2855,1.325,0.0,0.0,42855
206,4,2856,1.284,0.0,0.0,42856
207,1,1135,12.928,0.0,0.0,11135
209,1,1145,9.05,0.0,0.0,11145
210,1,1155,9.05,0.0,0.0,11155
211,1,1162,9.05,0.0,0.0,11162
213,1,1169,12.928,0.0,0.0,11169
214,1,1173,12.928,0.0,0.0,11173
215,1,1176,12.928,0.0,0.0,11176
216,1,1178,9.05,0.0,0.0,11178
217,1,1181,9.05,0.0,0.0,11181
219,1,1192,12.928,0.0,0.0,11192
220,1,1195,12.928,0.0,0.0,11195
222,1,1200,9.05,0.0,0.0,11200
223,1,1061,9.049,0.0,0.0,11061
224,1,1074,9.05,0.0,0.0,11074
225,1,1081,12.928,0.0,0.0,11081
226,1,1094,9.05,0.0,0.0,11094
228,1,1128,12.928,0.0,0.0,11128
229,1,1132,12.928,0.0,0.0,11132
230,1,1207,12.928,0.0,0.0,11207
231,1,1122,9.05,0.0,0.0,11122
232,1,1063,12.928,0.0,0.0,11063
233,1,1152,9.05,0.0,0.0,11152
234,1,1075,12.928,0.0,0.0,11075
283,1,863,5.574,10.0,0.0,1863
284,1,850,5.574,10.0,0.0,1850
285,1,851,5.574,10.0,0.0,1851
286,1,856,5.574,10.0,0.0,1856
287,1,857,5.574,10.0,0.0,1857
288,1,861,5.574,10.0,0.0,1861
289,1,862,5.574,10.0,0.0,1862
290,1,818,4.914,10.0,0.0,1818
291,1,1365,5.574,10.0,0.0,11365
292,1,1367,5.574,10.0,0.0,11367
293,1,2241,11.8,10.0,0.0,12241
294,1,2766,4.914,10.0,0.0,12766
295,1,1424,23.256,10.0,0.0,11424
296,1,1396,17.584,10.0,0.0,11396
297,1,1403,24.39,10.0,0.0,11403
298,1,2503,12.2,15.0,0.0,12503
299,14,0,1.0,0.0,0.0,140
300,1,46,3.9,5.0,0.0,146
301,1,50,7.5,5.0,0.0,150
302,1,2152,3.781,5.0,0.0,12152
303,1,2153,4.2,5.0,0.0,12153
304,1,2165,3.9,5.0,0.0,12165
305,1,246,9.5,7.0,0.0,1246
306,1,247,9.5,7.0,0.0,1247
307,1,252,9.8,7.0,0.0,1252
333,1,1679,10.2,15.0,0.0,11679
334,1,1682,10.2,15.0,0.0,11682
335,1,1683,6.655,0.0,0.0,11683
336,1,1687,6.655,0.0,0.0,11687
337,1,1689,6.655,0.0,0.0,11689
338,1,1695,6.747,0.0,0.0,11695
339,1,1696,6.747,0.0,0.0,11696
372,1,1297,6.578,10.0,0.0,11297
373,1,1298,6.578,10.0,0.0,11298
374,1,1316,6.578,10.0,0.0,11316
375,1,1328,7.713,10.0,0.0,11328
376,1,729,12.5,7.0,0.0,1729
377,1,730,12.5,7.0,0.0,1730
378,1,318,2.25,5.0,0.0,1318
379,1,741,1.555,0.0,0.0,1741
380,1,446,2.774,10.0,0.0,1446
381,1,820,4.914,10.0,0.0,1820
424,1,76,12.6,15.0,0.0,176
425,1,74,12.6,15.0,0.0,174
426,1,75,12.6,37.0,0.0,175
427,1,77,12.6,15.0,0.0,177
474,1,327,6.35,15.0,0.0,1327
475,1,329,6.35,15.0,0.0,1329
476,1,330,6.35,15.0,0.0,1330
477,1,331,6.35,15.0,0.0,1331
478,1,332,4.2,0.0,0.0,1332
479,1,334,4.2,0.0,0.0,1334
480,1,339,1.6,15.0,0.0,1339
481,1,341,1.6,15.0,0.0,1341
482,1,340,1.6,0.0,0.0,1340
483,1,754,9.0,0.0,0.0,1754
484,1,757,15.0,0.0,0.0,1757
485,1,2232,8.403,0.0,0.0,12232
486,1,775,8.41,10.0,0.0,1775
487,1,773,8.41,10.0,0.0,1773
488,1,342,1.5,15.0,0.0,1342
489,1,344,1.5,15.0,0.0,1344
490,1,343,1.5,15.0,0.0,1343
491,1,483,12.2,10.0,0.0,1483
492,1,2500,12.2,15.0,0.0,12500
493,1,2505,10.955,10.0,0.0,12505
495,1,1,7.625,9.0,0.0,11
496,1,2492,13.6,9.0,0.0,12492
497,1,2381,10.85,15.0,0.0,12381
498,1,243,9.5,7.0,0.0,1243
635,1,1718,12.079,10.0,0.0,11718
636,1,1719,12.079,15.0,0.0,11719
637,1,1720,12.079,15.0,0.0,11720
638,1,1722,12.079,15.0,0.0,11722
639,1,1723,12.079,15.0,0.0,11723
640,1,2377,7.5,15.0,0.0,12377
641,1,172,8.9,15.0,0.0,1172
642,1,170,8.9,15.0,0.0,1170
643,1,107,8.4,15.0,0.0,1107
873,1,20,8.8,10.0,0.0,120
874,1,21,8.8,10.0,0.0,121
875,1,22,15.75,9.0,0.0,122
876,1,23,15.35,10.0,0.0,123
877,1,24,15.35,10.0,0.0,124
878,1,25,15.35,10.0,0.0,125
879,1,26,15.35,10.0,0.0,126
880,1,32,13.6,9.0,0.0,132
881,1,34,17.55,10.0,0.0,134
882,1,35,17.55,10.0,0.0,135
883,1,36,16.0,9.0,0.0,136
884,1,37,1.508,5.0,0.0,137
885,1,38,2.1,5.0,0.0,138
886,1,39,3.781,5.0,0.0,139
888,1,41,3.781,5.0,0.0,141
889,1,47,1.155,5.0,0.0,147
890,1,48,2.416,5.0,0.0,148
891,1,56,3.75,5.0,0.0,156
892,1,49,3.291,5.0,0.0,149
894,1,52,4.45,5.0,0.0,152
895,1,53,4.45,5.0,0.0,153
896,1,51,3.8,5.0,0.0,151
897,1,54,0.825,0.0,0.0,154
898,1,33,17.55,10.0,0.0,133
973,3,1633,9.235,0.0,0.0,31633
974,3,1638,8.403,0.0,0.0,31638
975,3,1637,9.235,0.0,0.0,31637
976,3,1636,9.235,0.0,0.0,31636
977,3,1253,2.952,0.0,0.0,31253
983,3,2857,2.403,0.0,0.0,32857
984,3,2858,2.403,0.0,0.0,32858
985,3,2859,2.403,0.0,0.0,32859
986,3,2860,2.403,0.0,0.0,32860
995,3,2305,12.773,0.0,0.0,32305
996,3,2308,12.773,0.0,0.0,32308
1085,26,1447,15.25,0.0,0.0,261447
1086,26,1444,2.45,0.0,0.0,261444
1087,26,2843,8.5,0.0,0.0,262843
1088,26,1437,1.68,0.0,0.0,261437
1089,26,2854,3.109,0.0,0.0,262854
1090,26,1441,2.76,0.0,0.0,261441
1176,5,1672,11.239,3.0,0.0,51672
1177,5,2438,3.95,0.0,0.0,52438
1178,5,1131,1.146,0.0,0.0,51131
1179,5,2698,1.212,0.0,0.0,52698
1181,5,2701,2.619,0.0,0.0,52701
1457,5,2497,0.126,0.0,0.0,52497
1458,5,1073,6.0,0.0,0.0,51073
1460,1,1322,6.578,10.0,0.0,11322
1464,1,83,6.85,15.0,0.0,183
1465,1,99,6.555,15.0,0.0,199
1467,1,138,7.2,15.0,0.0,1138
1468,1,145,7.2,15.0,0.0,1145
1469,1,150,7.2,15.0,0.0,1150
1470,1,791,8.84,10.0,0.0,1791
1473,1,1578,3.902,10.0,0.0,11578
1474,1,823,4.914,10.0,0.0,1823
1475,1,852,5.574,10.0,0.0,1852
1478,1,1080,9.05,0.0,0.0,11080
1482,1,1124,12.928,0.0,0.0,11124
1483,1,1126,9.05,0.0,0.0,11126
1490,1,1179,12.928,0.0,0.0,11179
1491,1,1182,12.928,0.0,0.0,11182
1492,1,1188,12.928,0.0,0.0,11188
1498,1,1184,9.05,0.0,0.0,11184
1499,8,2870,1.387,3.0,0.0,82870
1500,8,979,19.951,0.0,0.0,8979
1501,8,976,15.928,0.0,0.0,8976
1505,8,2865,1.008,3.0,0.0,82865
1506,8,2862,1.218,3.0,0.0,82862
1507,8,2864,0.945,3.0,0.0,82864
1508,8,2863,0.87,3.0,0.0,82863
1509,8,1005,2.189,3.0,0.0,81005
1510,8,2869,2.189,3.0,0.0,82869
1511,8,1003,2.136,0.0,0.0,81003
1512,8,999,2.605,3.0,0.0,8999
1513,8,1543,2.53,3.0,0.0,81543
1514,8,2868,2.419,3.0,0.0,82868
1515,8,2867,2.419,3.0,0.0,82867
1516,8,2655,4.366,0.0,0.0,82655
1517,8,2334,1.681,3.0,0.0,82334
1518,8,2455,1.84,3.0,0.0,82455
1519,8,2871,1.84,3.0,0.0,82871
1520,8,2456,1.84,3.0,0.0,82456
1521,8,2872,1.84,3.0,0.0,82872
1522,8,2457,1.84,3.0,0.0,82457
1523,8,2458,1.84,3.0,0.0,82458
1524,8,2861,0.63,3.0,0.0,82861
1525,8,2866,0.916,3.0,0.0,82866
1550,8,1008,2.419,3.0,0.0,81008
1576,8,2345,0.885,3.0,0.0,82345
1578,16,2518,2.1,0.0,0.0,162518
1606,1,476,10.955,10.0,0.0,1476
1607,1,480,11.5,10.0,0.0,1480
1610,1,87,6.85,15.0,0.0,187
1611,1,102,7.5,15.0,0.0,1102
1612,1,129,10.2,15.0,0.0,1129
1614,4,2398,2.744,0.0,0.0,42398
1615,4,2366,2.744,0.0,0.0,42366
1617,4,1034,28.501,0.0,0.0,41034
1618,22,944,13.572,0.0,0.0,22944
1619,22,943,21.303,0.0,0.0,22943
1620,22,2402,12.184,0.0,0.0,222402
1621,22,973,4.243,0.0,0.0,22973
1622,22,954,4.243,0.0,0.0,22954
1623,28,2664,4.601,99.0,0.0,282664
1624,28,2569,4.601,0.0,0.0,282569
1625,28,2564,3.866,0.0,0.0,282564
1626,28,2567,3.866,0.0,0.0,282567
1627,28,2801,3.866,0.0,0.0,282801
1628,28,2668,4.601,0.0,0.0,282668
1629,28,2680,4.386,0.0,0.0,282680
1630,28,2678,4.385,0.0,0.0,282678
1631,28,2809,3.685,0.0,0.0,282809
1632,28,2538,3.771,0.0,0.0,282538
1633,28,2537,3.771,99.0,0.0,282537
1645,28,2666,4.601,0.0,0.0,282666
1658,28,2536,3.771,0.0,0.0,282536
1672,28,2893,4.601,0.0,0.0,282893
1673,28,2892,2.924,0.0,0.0,282892
1674,28,2890,2.924,0.0,0.0,282890
1675,28,2889,2.924,0.0,0.0,282889
1676,28,2891,2.924,0.0,0.0,282891
1677,28,2888,2.506,0.0,0.0,282888
1697,28,2894,7.309,0.0,0.0,282894
1718,28,2895,3.866,0.0,0.0,282895
1719,28,2896,3.309,0.0,0.0,282896
1720,28,2674,3.309,0.0,0.0,282674
1721,1,1725,12.079,15.0,0.0,11725
1722,1,1714,12.079,15.0,0.0,11714
1726,1,1721,12.079,15.0,0.0,11721
1728,1,1715,12.079,15.0,0.0,11715
1729,1,291,5.5,0.0,0.0,1291
1730,1,8,11.95,9.0,0.0,18
1731,1,2480,12.079,15.0,0.0,12480
1732,1,2482,12.079,15.0,0.0,12482
1733,1,2481,12.079,15.0,0.0,12481
1734,1,2484,12.079,15.0,0.0,12484
1735,1,2483,12.079,15.0,0.0,12483
1736,1,2491,21.0,5.0,0.0,12491
1737,1,2489,21.0,5.0,0.0,12489
1738,1,2488,21.0,5.0,0.0,12488
1739,1,2487,21.0,5.0,0.0,12487
1740,1,2486,21.0,5.0,0.0,12486
1741,1,2485,21.0,5.0,0.0,12485
1742,1,2490,21.0,5.0,0.0,12490
1743,1,2494,22.0,5.0,0.0,12494
1744,1,2493,14.0,5.0,0.0,12493
1746,1,2495,12.605,5.0,0.0,12495
1747,1,2496,5.5,0.0,0.0,12496
1748,1,2497,0.126,5.0,0.0,12497
1749,1,168,8.9,15.0,0.0,1168
1750,1,166,8.9,15.0,0.0,1166
1755,1,795,8.84,10.0,0.0,1795
1756,1,1381,15.315,10.0,0.0,11381
1757,1,1654,6.578,10.0,0.0,11654
1760,1,2012,14.18,10.0,0.0,12012
1761,1,2016,14.747,10.0,0.0,12016
1762,1,2017,14.747,10.0,0.0,12017
1764,1,2600,15.882,10.0,0.0,12600
1765,1,2599,15.882,10.0,0.0,12599
1769,1,468,1.041,25.0,0.0,1468
1770,1,467,2.3,25.0,0.0,1467
1771,1,403,14.75,10.0,0.0,1403
1772,1,2875,7.9,10.0,0.0,12875
1773,1,2876,13.95,10.0,0.0,12876
1774,1,2877,13.6,10.0,0.0,12877
1775,1,2874,14.2,5.0,0.0,12874
1776,1,2873,13.1,5.0,0.0,12873
1777,1,1304,6.578,10.0,0.0,11304
1778,1,1307,6.578,10.0,0.0,11307
1779,1,1308,6.578,10.0,0.0,11308
1781,1,1317,6.578,10.0,0.0,11317
1782,1,1320,6.578,10.0,0.0,11320
1783,1,1325,7.713,10.0,0.0,11325
1786,1,819,4.914,10.0,0.0,1819
1788,1,824,4.914,10.0,0.0,1824
1789,1,826,4.914,10.0,0.0,1826
1790,1,1361,4.914,15.0,0.0,11361
1791,1,2762,4.914,10.0,0.0,12762
1792,1,2763,4.914,10.0,0.0,12763
1793,1,2764,4.914,10.0,0.0,12764
1795,1,2768,4.914,10.0,0.0,12768
1796,1,2769,4.914,10.0,0.0,12769
1797,1,2770,4.914,10.0,0.0,12770
1798,1,2771,4.914,10.0,0.0,12771
1799,1,2772,4.914,10.0,0.0,12772
1800,1,2774,4.914,10.0,0.0,12774
1801,1,2776,4.914,10.0,0.0,12776
1802,1,2777,4.914,10.0,0.0,12777
1807,1,248,9.8,9.0,0.0,1248
1809,1,253,9.8,7.0,0.0,1253
1810,1,1903,15.84,5.0,0.0,11903
1871,1,2878,19.58,5.0,0.0,12878
1933,1,2897,6.8,0.0,0.0,12897
1996,1,2899,7.5,15.0,0.0,12899
2060,1,2901,8.8,10.0,0.0,12901
2186,1,443,2.9,10.0,0.0,1443
2187,1,409,5.88,10.0,0.0,1409
2188,1,408,3.6,10.0,0.0,1408
2189,1,402,14.75,10.0,0.0,1402
2257,1,2902,14.75,10.0,0.0,12902
2325,1,2383,2.458,10.0,0.0,12383
2394,1,2382,2.458,10.0,0.0,12382
2464,1,2111,4.75,0.0,0.0,12111
2465,15,2904,25.029,0.0,0.0,152904
2466,15,1884,6.2,0.0,0.0,151884
2467,15,2903,10.381,0.0,0.0,152903
2468,15,2905,4.463,0.0,0.0,152905
2469,15,2906,3.621,0.0,0.0,152906
2470,15,2907,3.621,0.0,0.0,152907
2471,15,2908,3.621,0.0,0.0,152908
2472,15,2909,3.621,0.0,0.0,152909
2473,15,2910,6.12,0.0,0.0,152910
2549,1,366,7.1,10.0,0.0,1366
2552,1,210,25.0,15.0,0.0,1210
2553,1,215,25.0,15.0,0.0,1215
2554,1,1293,6.578,10.0,0.0,11293
2555,1,1294,6.578,10.0,0.0,11294
2556,1,1295,6.578,10.0,0.0,11295
2557,1,1305,6.578,10.0,0.0,11305
2558,1,1313,6.578,10.0,0.0,11313
2561,1,1330,7.713,10.0,0.0,11330
2562,1,1331,7.713,10.0,0.0,11331
2565,1,140,7.2,15.0,0.0,1140
2567,1,151,7.2,15.0,0.0,1151
2571,1,171,8.9,15.0,0.0,1171
2573,1,173,8.9,15.0,0.0,1173
2574,1,2380,9.3,15.0,0.0,12380
2575,1,202,18.0,15.0,0.0,1202
2577,1,2226,10.2,20.0,0.0,12226
2580,1,1684,6.655,0.0,0.0,11684
2581,1,1685,6.655,0.0,0.0,11685
2583,1,1688,6.655,0.0,0.0,11688
2584,1,1690,21.26,0.0,0.0,11690
2585,1,2360,7.5,5.0,0.0,12360
2586,1,1657,6.002,10.0,0.0,11657
2587,1,1658,16.206,10.0,0.0,11658
2588,1,2257,13.998,20.0,0.0,12257
2589,1,2260,9.618,20.0,0.0,12260
2590,1,2258,1.78,0.0,0.0,12258
2591,1,738,7.923,25.0,0.0,1738
2592,1,751,20.4,25.0,0.0,1751
2637,1,1345,3.288,10.0,0.0,11345
2683,1,2912,10.2,15.0,0.0,12912
2684,1,2911,10.2,15.0,0.0,12911
2685,1,2913,21.26,0.0,0.0,12913
2782,1,2914,7.394,0.0,0.0,12914
2839,1,1130,9.05,0.0,0.0,11130
2841,1,1146,12.928,0.0,0.0,11146
2842,1,1149,9.05,0.0,0.0,11149
2844,1,1160,12.928,0.0,0.0,11160
3016,26,2842,6.4,0.0,0.0,262842
3017,26,1448,12.184,0.0,0.0,261448
3018,26,1450,14.5,0.0,0.0,261450
3019,26,1443,2.059,0.0,0.0,261443
3020,26,2126,2.32,0.0,0.0,262126
3021,26,2127,2.32,0.0,0.0,262127
3022,26,2247,3.109,0.0,0.0,262247
3023,26,2204,3.235,0.0,0.0,262204
3024,26,1439,3.655,0.0,0.0,261439
3025,26,2713,1.1,0.0,0.0,262713
3026,26,2845,2.0,0.0,0.0,262845
3054,8,2429,8.403,3.0,0.0,82429
3055,8,2430,8.403,3.0,0.0,82430
3056,1,484,11.5,10.0,0.0,1484
3059,1,2128,0.748,0.0,0.0,12128
3094,17,2923,5.543,9.0,0.0,172923
3095,17,2922,6.362,10.0,0.0,172922
3096,17,2920,1.638,4.0,0.0,172920
3097,17,2921,1.68,4.0,0.0,172921
3098,17,2917,18.056,13.0,0.0,172917
3099,17,1553,19.603,8.0,0.0,171553
3100,17,2919,21.478,19.0,0.0,172919
3101,17,2811,18.048,23.0,0.0,172811
3110,17,2513,7.239,7.0,0.0,172513
3111,17,2514,7.073,5.0,0.0,172514
3112,17,2918,5.356,9.0,0.0,172918
3113,17,1554,3.066,0.0,0.0,171554
3126,17,1577,3.066,0.0,0.0,171577
3127,8,1048,12.437,3.0,0.0,81048
3128,8,1077,3.298,0.0,0.0,81077
3129,8,1051,1.765,0.0,0.0,81051
3130,8,1050,1.681,3.0,0.0,81050
3131,8,1670,13.025,3.0,0.0,81670
3132,8,2268,16.681,3.0,0.0,82268
3133,8,2269,14.118,3.0,0.0,82269
3134,8,1042,10.084,3.0,0.0,81042
3135,8,1056,15.546,3.0,0.0,81056
3136,8,1168,16.975,0.0,0.0,81168
3137,8,1078,10.663,3.0,0.0,81078
3138,8,1116,3.221,3.0,0.0,81116
3139,8,1115,3.221,3.0,0.0,81115
3153,8,2924,3.501,3.0,0.0,82924
3154,3,2925,1.626,0.0,0.0,32925
3155,3,1260,3.487,0.0,0.0,31260
3156,3,1259,3.487,0.0,0.0,31259
3157,3,1258,3.487,0.0,0.0,31258
3158,3,1261,3.487,0.0,0.0,31261
3159,3,1273,11.765,0.0,0.0,31273
3160,3,1274,11.765,0.0,0.0,31274
3161,6,2626,8.74,0.0,0.0,62626
3162,6,2929,5.9,0.0,0.0,62929
3163,6,2928,5.9,0.0,0.0,62928
3164,6,1484,6.582,0.0,0.0,61484
3165,6,1485,6.582,0.0,0.0,61485
3167,8,2314,5.378,3.0,0.0,82314
3168,8,2313,4.212,3.0,0.0,82313
3169,8,2662,6.304,0.0,0.0,82662
3170,8,2102,2.101,3.0,0.0,82102
3171,8,2933,20.168,3.0,0.0,82933
3172,8,2935,20.168,3.0,0.0,82935
3173,8,2934,20.168,3.0,0.0,82934
3174,8,2932,20.168,3.0,0.0,82932
3175,8,2931,32.98,0.0,0.0,82931
3176,8,2930,28.716,0.0,0.0,82930
3177,4,975,21.351,0.0,0.0,4975
3178,4,979,22.638,0.0,0.0,4979
3179,4,977,23.544,0.0,0.0,4977
3180,4,2936,26.699,0.0,0.0,42936
3181,28,945,13.572,0.0,0.0,28945
3182,28,2589,4.391,0.0,0.0,282589
3183,28,955,4.243,0.0,0.0,28955
3184,28,940,9.244,0.0,0.0,28940
3185,28,943,21.303,0.0,0.0,28943
3186,28,2113,6.277,0.0,0.0,282113
3187,28,2100,3.601,0.0,0.0,282100
3195,28,2938,4.391,0.0,0.0,282938
3205,28,1575,21.303,0.0,0.0,281575
3207,1,828,4.914,10.0,0.0,1828
3208,1,1353,4.914,10.0,0.0,11353
3210,1,2778,4.914,10.0,0.0,12778
3212,1,1296,6.578,10.0,0.0,11296
3214,1,1303,6.578,10.0,0.0,11303
3216,1,1314,6.578,10.0,0.0,11314
3225,1,1333,7.713,10.0,0.0,11333
3226,1,1335,7.713,10.0,0.0,11335
3227,1,1336,7.713,10.0,0.0,11336
3229,1,1744,3.403,0.0,0.0,11744
3230,1,365,14.9,10.0,0.0,1365
3232,1,385,15.9,9.0,0.0,1385
3234,1,2002,2.575,0.0,0.0,12002
3235,1,2005,2.575,0.0,0.0,12005
3236,1,2004,2.575,0.0,0.0,12004
3237,1,2001,2.575,0.0,0.0,12001
3238,1,2003,2.575,0.0,0.0,12003
3239,1,789,8.84,10.0,0.0,1789
3241,1,732,3.9,0.0,0.0,1732
3242,1,268,10.8,0.0,0.0,1268
3243,1,380,6.0,10.0,0.0,1380
3244,1,378,6.0,10.0,0.0,1378
3245,1,381,6.0,10.0,0.0,1381
3246,1,415,0.564,0.0,0.0,1415
3288,1,2939,6.0,10.0,0.0,12939
3296,1,1134,9.05,0.0,0.0,11134
3302,1,1187,9.05,0.0,0.0,11187
3308,1,2129,0.504,0.0,0.0,12129
3390,5,2142,1.554,0.0,0.0,52142
3452,5,1664,2.5,0.0,0.0,51664
3521,5,2845,2.0,0.0,0.0,52845
3522,1,177,9.3,9.0,0.0,1177
3589,5,108,4.8,15.0,0.0,5108
3657,5,773,8.41,10.0,0.0,5773
3862,1,10,11.95,10.0,0.0,110
3863,1,13,13.95,9.0,0.0,113
3864,1,1736,15.4,5.0,0.0,11736
3865,1,181,17.4,9.0,0.0,1181
3868,1,2504,10.955,10.0,0.0,12504
3869,1,1356,4.914,15.0,0.0,11356
3873,1,216,25.0,15.0,0.0,1216
3874,1,2022,2.437,10.0,0.0,12022
3875,1,1342,2.438,10.0,0.0,11342
3876,1,1338,10.77,10.0,0.0,11338
3877,1,797,1.5,10.0,0.0,1797
3878,1,798,1.5,10.0,0.0,1798
3880,1,374,8.25,10.0,0.0,1374
3881,1,375,9.4,10.0,0.0,1375
3882,1,372,8.25,10.0,0.0,1372
3883,1,373,8.25,10.0,0.0,1373
3884,1,371,8.25,10.0,0.0,1371
3889,1,459,13.5,10.0,0.0,1459
3890,1,1726,19.17,10.0,0.0,11726
3891,15,1887,8.591,0.0,0.0,151887
3892,15,2412,20.857,0.0,0.0,152412
3893,15,2941,3.052,0.0,0.0,152941
3894,15,2940,3.052,0.0,0.0,152940
3901,15,2422,3.494,15.0,0.0,152422
3902,15,2421,3.494,15.0,0.0,152421
3910,15,2942,3.494,15.0,0.0,152942
3911,1,187,10.8,10.0,0.0,1187
3912,1,192,10.8,10.0,0.0,1192
3913,1,1647,11.8,10.0,0.0,11647
3914,1,462,9.85,10.0,0.0,1462
3915,1,2944,7.713,10.0,0.0,12944
3916,1,2949,7.713,10.0,0.0,12949
3917,1,2954,7.713,10.0,0.0,12954
3918,1,2953,7.713,10.0,0.0,12953
3919,1,2952,7.713,10.0,0.0,12952
3920,1,1329,7.713,10.0,0.0,11329
3921,1,2951,7.713,10.0,0.0,12951
3922,1,2948,7.713,10.0,0.0,12948
3923,1,2950,7.713,10.0,0.0,12950
3924,1,2946,7.713,10.0,0.0,12946
3925,1,1334,7.713,10.0,0.0,11334
3926,1,2947,7.713,10.0,0.0,12947
3927,1,1324,7.713,10.0,0.0,11324
3928,1,2945,7.713,10.0,0.0,12945
3929,1,2943,7.713,10.0,0.0,12943
3930,1,1359,4.914,10.0,0.0,11359
3931,1,829,4.914,10.0,0.0,1829
3933,1,1392,23.256,10.0,0.0,11392
3935,1,416,0.56,0.0,0.0,1416
3936,28,2585,8.792,0.0,0.0,282585
3937,28,2587,8.792,0.0,0.0,282587
3938,28,2586,8.792,0.0,0.0,282586
3939,28,2568,4.601,0.0,0.0,282568
3941,28,2563,3.45,0.0,0.0,282563
3943,28,2667,3.866,0.0,0.0,282667
3944,28,2665,3.866,99.0,0.0,282665
3946,28,974,1.183,0.0,0.0,28974
3947,28,1028,2.325,99.0,0.0,281028
3962,28,2957,7.757,0.0,0.0,282957
3963,28,2955,3.866,0.0,0.0,282955
3964,28,2956,8.792,0.0,0.0,282956
3965,22,1879,14.202,0.0,0.0,221879
3966,22,945,13.572,0.0,0.0,22945
3968,22,1575,21.303,0.0,0.0,221575
3969,22,966,13.033,0.0,0.0,22966
3970,22,956,2.305,0.0,0.0,22956
3971,22,2403,12.184,0.0,0.0,222403
3972,22,949,11.556,0.0,0.0,22949
3973,22,940,9.244,0.0,0.0,22940
4051,5,1430,2.773,10.0,0.0,51430
4054,3,2395,3.235,0.0,0.0,32395
4055,3,2396,3.319,0.0,0.0,32396
4056,3,1263,4.706,0.0,0.0,31263
4057,3,1463,3.353,0.0,0.0,31463
4058,3,1270,3.357,0.0,0.0,31270
4059,3,1269,3.189,0.0,0.0,31269
4060,3,1272,3.357,0.0,0.0,31272
4061,3,1271,3.357,0.0,0.0,31271
4071,3,2958,3.319,0.0,0.0,32958
4092,3,1279,4.872,0.0,0.0,31279
4093,3,0,1.0,0.0,0.0,30
4095,8,1047,12.437,3.0,0.0,81047
4096,8,1046,10.048,3.0,0.0,81046
4097,8,2727,11.345,3.0,0.0,82727
4098,8,1076,2.311,3.0,0.0,81076
4099,8,1664,2.521,3.0,0.0,81664
4102,8,610,2.231,3.0,0.0,8610
4130,8,2631,3.298,0.0,0.0,82631
4133,17,2959,7.239,7.0,0.0,172959
4135,17,2814,3.579,3.0,0.0,172814
4136,17,2810,11.352,9.0,0.0,172810
4142,17,2961,3.579,3.0,0.0,172961
4143,17,2960,2.796,0.0,0.0,172960
4144,1,1958,30.0,0.0,0.0,11958
4145,1,1962,30.0,0.0,0.0,11962
4146,1,1960,30.0,0.0,0.0,11960
4147,1,1952,30.0,0.0,0.0,11952
4148,1,1799,30.69,40.0,0.0,11799
4149,1,1803,30.69,40.0,0.0,11803
4150,1,1947,33.6,0.0,0.0,11947
4151,1,1925,24.85,0.0,0.0,11925
4152,1,1930,24.85,0.0,0.0,11930
4153,1,1811,32.34,40.0,0.0,11811
4154,1,1949,31.3,0.0,0.0,11949
4155,1,269,14.15,14.0,0.0,1269
4156,1,2730,3.96,10.0,0.0,12730
4157,1,2729,3.96,10.0,0.0,12729
4158,1,2731,3.96,10.0,0.0,12731
4159,1,2732,2.95,10.0,0.0,12732
4160,1,238,16.5,7.0,0.0,1238
4162,1,742,3.0,20.0,0.0,1742
4163,1,749,4.082,25.0,0.0,1749
4164,1,746,4.498,20.0,0.0,1746
4165,1,1660,1.957,10.0,0.0,11660
4170,1,175,9.8,9.0,0.0,1175
4172,1,109,7.5,15.0,0.0,1109
4173,1,734,2.337,10.0,0.0,1734
4174,1,735,1.85,0.0,0.0,1735
4185,26,1454,28.6,0.0,0.0,261454
4187,1,1332,7.713,10.0,0.0,11332
4189,1,827,4.914,10.0,0.0,1827
4190,1,1348,4.914,10.0,0.0,11348
4198,1,2250,10.2,9.0,0.0,12250
4199,1,2251,9.8,9.0,0.0,12251
4201,1,367,14.0,10.0,0.0,1367
4202,1,748,2.881,25.0,0.0,1748
4203,1,349,29.4,15.0,0.0,1349
4204,1,350,29.4,15.0,0.0,1350
4205,1,351,29.4,15.0,0.0,1351
4206,1,347,21.0,15.0,0.0,1347
4207,1,0,1.0,0.0,0.0,10
4208,1,2967,12.478,20.0,0.0,12967
4209,1,2966,141.806,20.0,0.0,12966
4210,1,2965,141.806,20.0,0.0,12965
4211,1,2968,113.445,20.0,0.0,12968
4212,1,2969,113.445,20.0,0.0,12969
4213,1,2971,26.09,20.0,0.0,12971
4214,1,2970,26.092,20.0,0.0,12970
4215,1,2972,48.781,20.0,0.0,12972
4216,1,2973,85.084,20.0,0.0,12973
4217,1,2963,23.823,20.0,0.0,12963
4218,1,2964,23.823,20.0,0.0,12964
4219,1,1586,120.797,20.0,0.0,11586
4220,1,1608,105.041,20.0,0.0,11608
4221,1,1598,120.798,20.0,0.0,11598
4222,1,2974,23.823,20.0,0.0,12974
4224,26,1442,2.55,0.0,0.0,261442
4225,26,1580,14.5,0.0,0.0,261580
4248,4,1894,2.911,0.0,0.0,41894
4249,4,1007,2.911,0.0,0.0,41007
4250,4,2868,2.281,0.0,0.0,42868
4251,4,1008,2.911,0.0,0.0,41008
4252,4,1543,2.281,0.0,0.0,41543
4261,4,978,14.853,0.0,0.0,4978
4262,4,976,15.928,0.0,0.0,4976
4272,4,2975,22.411,0.0,0.0,42975
4283,4,2976,2.5,99.0,0.0,42976
4295,1,2980,2.849,0.0,0.0,12980
4296,1,878,2.649,0.0,0.0,1878
4297,1,2979,2.849,0.0,0.0,12979
4298,1,2977,2.849,0.0,0.0,12977
4303,1,2987,4.39,0.0,0.0,12987
4309,1,2988,4.066,0.0,0.0,12988
4310,1,2989,4.066,0.0,0.0,12989
4318,1,2993,3.484,0.0,0.0,12993
4319,1,2992,3.484,0.0,0.0,12992
4320,1,2991,5.133,0.0,0.0,12991
4321,1,2990,5.133,0.0,0.0,12990
4333,1,3000,6.749,0.0,0.0,13000
4334,1,2996,12.5,0.0,0.0,12996
4335,1,2997,12.5,0.0,0.0,12997
4336,1,2998,5.25,0.0,0.0,12998
4337,1,2999,5.25,0.0,0.0,12999
4338,1,2994,7.268,0.0,0.0,12994
4339,1,2995,7.268,0.0,0.0,12995
4358,1,846,6.324,0.0,0.0,1846
4359,1,845,6.324,0.0,0.0,1845
4360,1,3008,6.324,0.0,0.0,13008
4361,1,844,6.324,0.0,0.0,1844
4362,1,3007,4.7,0.0,0.0,13007
4363,1,3001,4.7,0.0,0.0,13001
4364,1,3003,4.7,0.0,0.0,13003
4365,1,3004,4.7,0.0,0.0,13004
4366,1,3002,4.7,0.0,0.0,13002
4367,1,3005,4.7,0.0,0.0,13005
4368,1,3006,4.7,0.0,0.0,13006
4398,1,3010,7.4,0.0,0.0,13010
4399,1,3009,6.8,0.0,0.0,13009
4431,1,876,5.35,0.0,0.0,1876
4464,1,3011,3.05,0.0,0.0,13011
4465,1,3012,1.45,0.0,0.0,13012
4466,1,3013,5.94,0.0,0.0,13013
4467,1,2760,5.94,0.0,0.0,12760
4468,1,2761,5.94,0.0,0.0,12761
4469,1,873,5.6,0.0,0.0,1873
4470,1,872,5.6,0.0,0.0,1872
4471,1,874,5.6,0.0,0.0,1874
4472,1,2751,5.6,0.0,0.0,12751
4480,28,3014,2.924,0.0,0.0,283014
4482,29,1453,27.8,0.0,0.0,291453
4483,29,1454,27.8,0.0,0.0,291454
4484,4,2927,12.815,0.0,0.0,42927
4485,4,3015,12.815,0.0,0.0,43015
4487,4,2926,14.5,0.0,0.0,42926
4488,4,2867,2.419,0.0,0.0,42867
4490,4,1016,1.49,99.0,0.0,41016
4498,4,3016,26.699,0.0,0.0,43016
4538,1,70,13.5,15.0,0.0,170
4539,1,72,13.5,15.0,0.0,172
4540,1,71,13.5,15.0,0.0,171
4542,1,2292,9.5,15.0,0.0,12292
4544,1,2294,10.2,15.0,0.0,12294
4545,1,2507,9.5,15.0,0.0,12507
4547,1,1457,10.2,15.0,0.0,11457
4562,1,1643,6.175,10.0,0.0,11643
4564,1,96,6.555,15.0,0.0,196
4565,1,91,6.85,15.0,0.0,191
4570,1,1364,5.574,10.0,0.0,11364
4572,1,1072,3.878,0.0,0.0,11072
4573,1,1092,3.878,0.0,0.0,11092
4574,1,1183,3.878,0.0,0.0,11183
4575,1,1157,3.878,0.0,0.0,11157
4576,1,1147,3.878,0.0,0.0,11147
4577,1,1121,3.878,0.0,0.0,11121
4578,1,1161,3.878,0.0,0.0,11161
4579,1,1140,3.878,0.0,0.0,11140
4580,1,1186,3.878,0.0,0.0,11186
4581,1,1129,3.878,0.0,0.0,11129
4582,1,1060,3.878,0.0,0.0,11060
4583,1,1208,3.878,0.0,0.0,11208
4584,1,1202,3.878,0.0,0.0,11202
4585,1,1151,3.878,0.0,0.0,11151
4586,1,1144,3.878,0.0,0.0,11144
4587,1,1099,3.878,0.0,0.0,11099
4588,1,1170,3.878,0.0,0.0,11170
4589,1,1125,3.878,0.0,0.0,11125
4590,1,1180,3.878,0.0,0.0,11180
4591,1,1079,3.878,0.0,0.0,11079
4592,1,1199,3.878,0.0,0.0,11199
4593,1,1193,3.878,0.0,0.0,11193
4594,1,1154,3.878,0.0,0.0,11154
4595,1,1133,3.878,0.0,0.0,11133
4596,1,1177,3.878,0.0,0.0,11177
4597,1,1190,3.878,0.0,0.0,11190
4598,1,1164,3.878,0.0,0.0,11164
4599,1,1205,3.878,0.0,0.0,11205
4600,1,1136,3.878,0.0,0.0,11136
4601,1,1196,3.878,0.0,0.0,11196
4602,1,1174,3.878,0.0,0.0,11174
4608,1,1139,9.05,0.0,0.0,11139
4615,1,3017,12.0,0.0,0.0,13017
4620,3,1474,4.071,0.0,0.0,31474
4626,3,3019,2.732,0.0,0.0,33019
4633,3,1251,3.151,0.0,0.0,31251
4641,3,1257,2.732,0.0,0.0,31257
4650,3,3020,5.233,0.0,0.0,33020
4660,3,3021,3.596,0.0,0.0,33021
4672,30,3030,1.429,0.0,0.0,303030
4673,30,3029,1.429,0.0,0.0,303029
4674,30,0,1.0,0.0,0.0,300
4675,31,3027,1.206,0.0,1.0,313027
4676,31,650,1.248,0.0,1.0,31650
4677,31,675,2.746,0.0,1.0,31675
4678,31,3023,2.746,0.0,1.0,313023
4679,31,3028,2.353,0.0,0.0,313028
4680,31,3025,3.162,0.0,1.0,313025
4681,31,669,2.413,0.0,1.0,31669
4682,31,667,2.205,0.0,1.0,31667
4683,31,3024,1.248,0.0,1.0,313024
4684,31,655,2.746,0.0,1.0,31655
4685,31,3026,1.498,0.0,1.0,313026
4686,31,3022,3.078,0.0,1.0,313022
4687,31,666,2.912,0.0,1.0,31666
4688,1,1284,8.25,0.0,0.0,11284
4689,1,1285,14.85,0.0,0.0,11285
4696,26,3031,2.0,0.0,0.0,263031
4700,26,3032,12.0,0.0,0.0,263032
4701,8,3033,4.202,3.0,0.0,83033
4703,8,1040,10.504,3.0,0.0,81040
4704,8,1041,10.504,3.0,0.0,81041
4705,8,1039,10.504,3.0,0.0,81039
4708,8,1057,15.546,3.0,0.0,81057
4710,8,1673,11.345,3.0,0.0,81673
4711,8,1091,4.559,0.0,0.0,81091
4712,8,1088,4.559,0.0,0.0,81088
4713,8,2270,17.46,0.0,0.0,82270
4715,8,1171,16.975,0.0,0.0,81171
4716,8,2394,4.551,3.0,0.0,82394
4718,8,0,5.675,0.0,0.0,80
4721,1,1839,7.712,10.0,0.0,11839
4729,1,221,22.05,15.0,0.0,1221
4730,1,226,22.05,15.0,0.0,1226
4731,1,222,22.05,15.0,0.0,1222
4732,1,223,22.05,15.0,0.0,1223
4734,1,273,23.5,5.0,0.0,1273
4738,1,3039,74.8,0.0,0.0,13039
4739,1,3040,61.49,0.0,0.0,13040
4740,1,3038,39.71,0.0,0.0,13038
4750,1,1165,9.05,0.0,0.0,11165
4753,1,3034,9.05,0.0,0.0,13034
4754,1,3035,9.05,0.0,0.0,13035
4755,22,937,3.173,0.0,0.0,22937
4760,22,955,4.243,0.0,0.0,22955
4761,22,2117,5.5,0.0,0.0,222117
4762,22,2100,3.601,0.0,0.0,222100
4771,22,2143,1.556,99.0,0.0,222143
4772,22,967,1.081,0.0,0.0,22967
4773,28,2527,6.402,0.0,0.0,282527
4776,28,2570,4.601,0.0,0.0,282570
4807,1,255,9.5,7.0,0.0,1255
4811,1,2007,9.5,7.0,0.0,12007
4813,1,1727,14.18,15.0,0.0,11727
4816,1,2166,3.9,5.0,0.0,12166
4818,1,1368,6.5,10.0,0.0,11368
4819,1,44,3.9,5.0,0.0,144
4824,1,108,4.8,15.0,0.0,1108
4825,1,106,12.6,9.0,0.0,1106
4827,1,69,18.0,15.0,0.0,169
4828,1,1645,11.8,7.0,0.0,11645
4829,1,11,11.95,9.0,0.0,111
4831,1,322,3.927,10.0,0.0,1322
4833,1,793,9.552,10.0,0.0,1793
4834,1,2240,14.0,0.0,0.0,12240
4835,1,320,0.75,0.0,0.0,1320
4837,1,1746,3.403,0.0,0.0,11746
4887,1,731,12.9,7.0,0.0,1731
4889,1,800,2.604,10.0,0.0,1800
4890,1,326,12.0,15.0,0.0,1326
4891,1,1246,1.65,5.0,0.0,11246
4892,1,1247,3.822,15.0,0.0,11247
4893,1,1223,3.822,15.0,0.0,11223
4894,1,1248,3.256,10.0,0.0,11248
4910,1,103,4.65,15.0,0.0,1103
4918,1,364,25.0,10.0,0.0,1364
4920,1,1421,10.777,10.0,0.0,11421
4921,1,227,18.6,15.0,0.0,1227
4922,1,229,17.6,15.0,0.0,1229
4924,1,1694,6.747,0.0,0.0,11694
4925,1,1692,6.747,0.0,0.0,11692
4926,1,97,6.555,15.0,0.0,197
4929,1,98,6.555,15.0,0.0,198
4930,1,84,6.85,15.0,0.0,184
4931,1,86,6.85,15.0,0.0,186
4934,1,2407,3.0,0.0,0.0,12407
4935,1,1185,12.928,0.0,0.0,11185
4946,1,1150,12.928,0.0,0.0,11150
4947,1,1156,12.928,0.0,0.0,11156
4949,1,3037,12.927,0.0,0.0,13037
4954,1,1204,12.928,0.0,0.0,11204
4962,1,1201,12.928,0.0,0.0,11201
5064,1,3036,9.05,0.0,0.0,13036
5069,3,1634,3.916,0.0,0.0,31634
5070,3,1264,3.916,0.0,0.0,31264
5074,3,3042,2.227,0.0,0.0,33042
5075,8,3043,1.261,3.0,0.0,83043
5076,8,2646,3.782,0.0,0.0,82646
5077,8,2444,3.95,3.0,0.0,82444
5078,8,2441,3.95,3.0,0.0,82441
5079,8,2439,3.95,3.0,0.0,82439
5080,8,2440,3.95,3.0,0.0,82440
5081,8,2443,3.95,3.0,0.0,82443
5082,8,2438,3.95,3.0,0.0,82438
5084,8,3047,5.121,3.0,0.0,83047
5085,8,3049,0.981,3.0,0.0,83049
5086,8,3048,1.774,3.0,0.0,83048
5088,8,2652,2.0,0.0,0.0,82652
5089,8,2315,2.311,3.0,0.0,82315
5090,8,3045,4.11,3.0,0.0,83045
5091,8,2469,3.312,3.0,0.0,82469
5092,8,2467,3.093,3.0,0.0,82467
5093,8,3044,2.71,3.0,0.0,83044
5094,8,2196,4.397,0.0,0.0,82196
5095,8,3046,2.311,3.0,0.0,83046
5117,8,3050,13.361,3.0,0.0,83050
5186,8,2425,12.605,3.0,0.0,82425
5187,23,3051,4.283,0.0,0.0,233051
5188,23,2720,6.5,0.0,0.0,232720
5189,23,2717,3.5,0.0,0.0,232717
5190,23,2719,8.176,0.0,0.0,232719
5191,23,2721,6.0,0.0,0.0,232721
5192,23,2722,4.091,0.0,0.0,232722
5193,23,2723,4.546,0.0,0.0,232723
5194,23,2718,11.7,0.0,0.0,232718
5195,23,2716,6.5,0.0,0.0,232716
5196,23,2725,2.458,0.0,0.0,232725
5197,23,3053,13.973,0.0,0.0,233053
5198,23,3056,8.545,0.0,0.0,233056
5199,23,3058,7.773,0.0,0.0,233058
5200,23,3060,6.527,0.0,0.0,233060
5201,23,3057,8.396,0.0,0.0,233057
5202,23,3059,5.329,0.0,0.0,233059
5203,23,3054,13.855,0.0,0.0,233054
5204,23,3052,22.43,0.0,0.0,233052
5205,23,3055,9.5,0.0,0.0,233055
5215,23,3061,22.464,0.0,0.0,233061
5218,1,745,1.801,25.0,0.0,1745
5219,1,17,8.8,9.0,0.0,117
5221,1,2747,17.55,9.0,0.0,12747
5223,1,2164,4.159,5.0,0.0,12164
5276,8,3062,5.121,3.0,0.0,83062
5278,4,1000,2.541,0.0,0.0,41000
5279,4,1003,2.136,0.0,0.0,41003
5280,4,1022,3.708,0.0,0.0,41022
5281,26,1449,14.5,0.0,0.0,261449
5284,26,1582,1.5,0.0,0.0,261582
5285,26,1436,1.5,0.0,0.0,261436
5291,26,3063,2.15,0.0,0.0,263063
5292,5,856,5.574,10.0,0.0,5856
5293,5,857,5.574,10.0,0.0,5857
5294,5,2623,8.74,0.0,0.0,52623
5295,5,18,8.8,9.0,0.0,518
5296,5,2134,2.571,0.0,0.0,52134
5297,5,2733,11.453,0.0,0.0,52733
5298,5,61,4.4,0.0,0.0,561
5299,5,2275,3.992,3.0,0.0,52275
5300,5,729,12.5,7.0,0.0,5729
5301,5,2284,9.0,10.0,1.0,52284
5303,5,1090,4.559,0.0,0.0,51090
5304,5,2182,2.521,0.0,0.0,52182
5305,5,2153,4.2,5.0,0.0,52153
5306,5,53,4.45,5.0,0.0,553
5307,5,291,5.5,0.0,0.0,5291
5308,5,2496,5.5,0.0,0.0,52496
5310,5,1614,2.773,0.0,0.0,51614
5311,5,1616,2.773,0.0,0.0,51616
5332,5,2104,6.582,0.0,0.0,52104
5333,5,2232,8.403,10.0,0.0,52232
5334,5,2340,1.261,3.0,0.0,52340
5335,5,2425,9.99,3.0,0.0,52425
5336,5,2426,14.255,3.0,0.0,52426
5337,5,2428,16.455,0.0,0.0,52428
5338,5,2474,3.008,3.0,0.0,52474
5339,5,2475,0.776,3.0,0.0,52475
5341,5,2626,8.74,0.0,0.0,52626
5342,5,2625,8.74,0.0,0.0,52625
5343,5,2627,8.74,0.0,0.0,52627
5344,5,2632,17.16,0.0,0.0,52632
5345,5,2633,0.37,0.0,0.0,52633
5346,5,3041,24.42,10.0,0.0,53041
5347,5,263,14.5,15.0,0.0,5263
5348,5,316,2.5,5.0,0.0,5316
5350,5,605,2.449,0.0,0.0,5605
5351,5,948,11.665,0.0,0.0,5948
5353,5,1885,6.709,0.0,0.0,51885
5355,5,1639,2.521,0.0,0.0,51639
5356,5,2099,0.75,0.0,0.0,52099
5361,8,1085,13.025,3.0,0.0,81085
5362,8,1698,16.838,3.0,0.0,81698
5363,8,2261,13.866,3.0,0.0,82261
5365,8,1090,4.559,3.0,0.0,81090
5366,8,1093,4.559,3.0,0.0,81093
5367,8,2266,1.365,3.0,0.0,82266
5383,8,1127,1.365,3.0,0.0,81127
5384,13,1699,7.0,10.0,0.0,131699
5385,13,1701,10.5,10.0,0.0,131701
5386,14,1707,3.8,10.0,1.0,141707
5387,14,1708,3.8,10.0,1.0,141708
5388,14,1704,2.7,15.0,1.0,141704
5389,14,1703,2.85,10.0,1.0,141703
5390,14,1706,2.85,10.0,1.0,141706
5391,14,2277,2.7,15.0,1.0,142277
5392,14,1705,2.85,10.0,1.0,141705
5393,14,3075,6.6,10.0,1.0,143075
5394,14,3074,11.5,10.0,1.0,143074
5395,14,3080,9.5,10.0,1.0,143080
5396,14,3079,8.5,15.0,1.0,143079
5397,14,2278,6.0,15.0,1.0,142278
5398,14,2279,6.0,15.0,1.0,142279
5399,14,2280,6.6,10.0,1.0,142280
5400,14,2281,6.0,15.0,1.0,142281
5401,14,3068,13.5,15.0,1.0,143068
5402,14,3069,13.5,15.0,1.0,143069
5403,14,3070,13.5,15.0,1.0,143070
5404,14,3078,10.0,15.0,1.0,143078
5405,14,3076,10.5,15.0,1.0,143076
5406,14,3077,10.0,15.0,1.0,143077
5407,14,3067,14.5,10.0,1.0,143067
5408,14,3066,14.5,10.0,1.0,143066
5409,14,3065,14.5,10.0,1.0,143065
5410,14,3072,4.6,10.0,1.0,143072
5411,14,3073,4.6,10.0,1.0,143073
5412,14,3071,4.6,10.0,1.0,143071
5413,14,2283,9.0,15.0,1.0,142283
5551,5,385,15.9,9.0,0.0,5385
5621,5,736,3.2,10.0,0.0,5736
5622,5,473,9.8,10.0,0.0,5473
5623,5,795,8.84,10.0,0.0,5795
5624,5,832,10.8,10.0,0.0,5832
5625,5,781,9.8,10.0,0.0,5781
5631,28,2566,3.866,99.0,0.0,282566
5634,28,2676,3.309,0.0,0.0,282676
5635,28,2529,2.781,0.0,0.0,282529
5646,28,3081,2.924,0.0,0.0,283081
5656,28,3082,3.309,99.0,0.0,283082
5669,28,3083,2.523,0.0,0.0,283083
5684,1,191,11.85,10.0,0.0,1191
5687,1,2252,9.8,9.0,0.0,12252
5688,1,179,9.3,9.0,0.0,1179
5694,1,2020,4.2,0.0,0.0,12020
5696,1,203,20.15,15.0,0.0,1203
5701,1,185,17.4,9.0,0.0,1185
5702,1,182,17.4,9.0,0.0,1182
5703,1,184,17.4,9.0,0.0,1184
5704,1,201,18.3,15.0,0.0,1201
5705,1,2253,18.0,15.0,0.0,12253
5707,1,743,2.281,25.0,0.0,1743
5713,1,392,14.5,9.0,0.0,1392
5714,1,289,3.3,15.0,0.0,1289
5715,1,1344,20.42,10.0,0.0,11344
5716,1,2424,9.8,9.0,0.0,12424
5718,1,2220,8.1,15.0,0.0,12220
5722,1,1339,10.777,0.0,0.0,11339
5723,1,1649,9.85,10.0,0.0,11649
5725,1,228,17.6,15.0,0.0,1228
5728,1,796,1.5,10.0,0.0,1796
5730,1,1838,2.437,10.0,0.0,11838
5782,1,3084,9.8,0.0,0.0,13084
5783,1,3085,40.5,0.0,0.0,13085
5996,22,951,18.318,0.0,0.0,22951
6046,5,2765,4.914,10.0,0.0,52765
6093,5,818,4.914,10.0,0.0,5818
6097,1,822,4.914,10.0,0.0,1822
6104,1,1311,6.578,10.0,0.0,11311
6113,1,1326,7.713,10.0,0.0,11326
6116,1,2172,2.352,5.0,0.0,12172
6118,1,2378,6.4,15.0,0.0,12378
6119,1,2379,6.4,15.0,0.0,12379
6121,1,363,9.5,10.0,0.0,1363
6122,1,316,2.5,5.0,0.0,1316
6156,1,3090,6.4,15.0,0.0,13090
6161,1,1100,9.05,0.0,0.0,11100
6168,1,1158,9.05,0.0,0.0,11158
6169,1,1172,9.05,0.0,0.0,11172
6173,1,1194,9.05,0.0,0.0,11194
6174,1,1206,9.05,0.0,0.0,11206
6175,1,1209,9.05,0.0,0.0,11209
6178,17,2812,21.751,22.0,0.0,172812
6179,17,1551,21.751,21.0,0.0,171551
6180,17,1550,18.277,22.0,0.0,171550
6181,17,2510,8.538,13.0,0.0,172510
6182,17,1567,9.118,13.0,0.0,171567
6183,17,1562,8.538,13.0,0.0,171562
6184,17,2818,8.538,13.0,0.0,172818
6185,17,1561,8.538,13.0,0.0,171561
6186,17,3094,5.382,4.0,0.0,173094
6187,17,3092,5.382,4.0,0.0,173092
6188,17,3091,5.382,4.0,0.0,173091
6189,17,3093,5.382,4.0,0.0,173093
6190,17,3097,5.382,4.0,0.0,173097
6191,17,3096,5.382,4.0,0.0,173096
6192,17,3095,5.382,4.0,0.0,173095
6209,17,3098,6.597,10.0,0.0,173098
6343,6,1516,3.0,0.0,0.0,61516
6344,6,1515,5.0,0.0,0.0,61515
6345,6,1514,4.0,0.0,0.0,61514
6347,32,3099,1.083,0.0,0.0,323099
6348,32,1028,2.325,0.0,0.0,321028
6349,32,986,1.208,0.0,0.0,32986
6350,32,663,1.0,0.0,0.0,32663
6351,32,2099,0.75,0.0,0.0,322099
6352,32,2936,27.0,0.0,0.0,322936
6353,32,1010,6.0,0.0,0.0,321010
6354,32,989,4.333,0.0,0.0,32989
6355,32,3050,15.0,0.0,0.0,323050
6356,32,3102,15.0,0.0,0.0,323102
6357,32,3101,3.958,0.0,0.0,323101
6358,32,3100,3.958,0.0,0.0,323100
6359,32,1006,2.437,0.0,0.0,321006
6373,32,3103,0.26,0.0,0.0,323103
6377,4,980,20.85,0.0,0.0,4980
6386,4,3106,2.0,0.0,0.0,43106
6387,15,3105,7.9,0.0,0.0,153105
6388,15,3104,12.3,0.0,0.0,153104
6390,25,1238,3.99,15.0,0.0,251238
6391,25,1240,3.99,15.0,0.0,251240
6392,25,2837,3.99,15.0,0.0,252837
6393,25,1233,3.99,15.0,0.0,251233
6394,25,1239,3.99,15.0,0.0,251239
6395,25,0,1.0,0.0,0.0,250
6396,22,928,4.656,0.0,0.0,22928
6397,22,948,11.665,0.0,0.0,22948
6398,22,2113,6.277,0.0,0.0,222113
6399,22,957,4.027,0.0,0.0,22957
6400,22,2297,3.319,0.0,0.0,222297
6402,22,2405,12.184,0.0,0.0,222405
6403,22,2404,12.184,0.0,0.0,222404
6404,22,963,12.016,0.0,0.0,22963
6405,22,947,14.201,0.0,0.0,22947
6407,22,946,13.572,0.0,0.0,22946
6410,1,265,11.3,0.0,0.0,1265
6412,1,382,6.0,10.0,0.0,1382
6414,1,333,4.2,0.0,0.0,1333
6415,1,755,9.0,0.0,0.0,1755
6425,1,434,3.7,10.0,0.0,1434
6426,1,435,3.7,10.0,0.0,1435
6427,1,448,3.6,10.0,0.0,1448
6433,1,830,4.914,10.0,0.0,1830
6434,1,831,4.914,15.0,0.0,1831
6435,1,1349,4.095,10.0,0.0,11349
6436,1,1355,4.914,10.0,0.0,11355
6437,1,1360,4.095,10.0,0.0,11360
6439,1,1383,14.747,10.0,0.0,11383
6447,1,1745,3.403,0.0,0.0,11745
6452,1,260,8.1,15.0,0.0,1260
6453,1,264,14.5,15.0,0.0,1264
6454,1,262,14.5,15.0,0.0,1262
6455,1,463,10.8,7.0,0.0,1463
6459,1,2879,93.46,0.0,0.0,12879
6460,1,2883,79.92,0.0,0.0,12883
6461,1,2881,737.191,10.0,0.0,12881
6462,1,2882,75.143,0.0,0.0,12882
6517,1,3108,7.9,9.0,0.0,13108
6518,1,3107,7.9,9.0,0.0,13107
6575,1,3114,7.28,10.0,0.0,13114
6576,1,3112,7.28,10.0,0.0,13112
6577,1,3113,7.28,10.0,0.0,13113
6578,1,3136,7.28,10.0,0.0,13136
6579,1,3140,7.28,10.0,0.0,13140
6580,1,3141,7.28,10.0,0.0,13141
6581,1,3119,7.28,10.0,0.0,13119
6582,1,3133,7.28,10.0,0.0,13133
6583,1,3132,7.28,10.0,0.0,13132
6584,1,3131,7.28,10.0,0.0,13131
6585,1,3142,7.28,10.0,0.0,13142
6586,1,3126,7.28,10.0,0.0,13126
6587,1,3130,7.28,10.0,0.0,13130
6588,1,3129,7.28,10.0,0.0,13129
6589,1,3123,7.28,10.0,0.0,13123
6590,1,3125,7.28,10.0,0.0,13125
6591,1,3124,7.28,10.0,0.0,13124
6592,1,3128,7.28,10.0,0.0,13128
6593,1,3145,7.28,10.0,0.0,13145
6594,1,3122,7.28,10.0,0.0,13122
6595,1,3127,7.28,10.0,0.0,13127
6596,1,3139,7.28,10.0,0.0,13139
6597,1,3138,7.28,10.0,0.0,13138
6598,1,3135,7.28,0.0,0.0,13135
6599,1,3137,7.28,10.0,0.0,13137
6600,1,3111,7.28,10.0,0.0,13111
6601,1,3110,7.28,10.0,0.0,13110
6602,1,3109,7.28,10.0,0.0,13109
6603,1,3134,7.28,10.0,0.0,13134
6604,1,3118,7.28,10.0,0.0,13118
6605,1,3117,7.28,10.0,0.0,13117
6606,1,3116,7.28,10.0,0.0,13116
6607,1,3115,7.28,10.0,0.0,13115
6608,1,3121,7.28,10.0,0.0,13121
6609,1,3120,7.28,10.0,0.0,13120
6610,1,3144,7.28,10.0,0.0,13144
6647,1,3146,7.28,10.0,0.0,13146
6685,1,3147,7.28,10.0,0.0,13147
6724,1,3148,7.28,10.0,0.0,13148
6842,1,3143,7.28,10.0,0.0,13143
6843,16,3149,4.597,0.0,0.0,163149
6884,1,3151,6.93,0.0,0.0,13151
6885,1,3150,6.93,0.0,0.0,13150
6928,1,3152,1.8,9.0,0.0,13152
6972,1,3153,1.8,9.0,0.0,13153
6973,33,3168,13.472,0.0,0.0,333168
6974,33,3173,16.422,0.0,0.0,333173
6975,33,3164,20.025,0.0,0.0,333164
6976,33,3169,17.794,0.0,0.0,333169
6977,33,3172,24.397,0.0,0.0,333172
6978,33,3177,17.765,0.0,0.0,333177
6979,33,3167,14.656,0.0,0.0,333167
6980,33,3176,25.512,0.0,0.0,333176
6981,33,3166,14.656,0.0,0.0,333166
6982,33,3170,16.008,0.0,0.0,333170
6983,33,3161,21.525,0.0,0.0,333161
6984,33,3165,16.422,0.0,0.0,333165
6985,33,3162,27.683,0.0,0.0,333162
6986,33,3159,9.376,0.0,0.0,333159
6987,33,3160,6.909,0.0,0.0,333160
6988,33,3174,9.08,0.0,0.0,333174
6989,33,3175,3.948,0.0,0.0,333175
6990,33,3156,3.948,0.0,0.0,333156
6991,33,3158,7.698,0.0,0.0,333158
6992,33,3157,14.212,0.0,0.0,333157
6993,33,3155,9.08,0.0,0.0,333155
7015,33,3154,21.525,0.0,0.0,333154
7016,33,3171,16.008,0.0,0.0,333171
7017,33,3163,15.327,0.0,0.0,333163
7019,17,2819,3.565,0.0,0.0,172819
7022,17,3178,15.615,18.0,0.0,173178
7023,17,3179,10.467,7.0,0.0,173179
7030,17,3180,6.374,9.0,0.0,173180
7038,6,2104,6.582,0.0,0.0,62104
7040,6,3181,6.582,0.0,0.0,63181
7041,6,3182,6.582,0.0,0.0,63182
7042,6,3183,6.582,0.0,0.0,63183
7043,6,1482,6.582,0.0,0.0,61482
7044,6,1483,6.582,0.0,0.0,61483
7046,6,3184,6.582,0.0,0.0,63184
7047,6,1489,4.637,0.0,0.0,61489
7048,6,3185,4.637,0.0,0.0,63185
7049,6,2141,5.833,0.0,0.0,62141
7050,6,2136,2.571,99.0,0.0,62136
7066,8,1663,2.521,3.0,0.0,81663
7068,8,1069,12.395,3.0,0.0,81069
7072,8,3186,1.681,3.0,0.0,83186
7076,1,2259,1.519,30.0,0.0,12259
7079,1,1648,13.6,10.0,0.0,11648
7080,1,3188,3.9,0.0,0.0,13188
7081,1,3187,3.9,0.0,0.0,13187
7083,1,82,6.85,15.0,0.0,182
7085,1,2011,8.823,0.0,0.0,12011
7086,1,2010,8.823,0.0,0.0,12010
7087,1,2008,6.751,0.0,0.0,12008
7088,1,478,12.05,9.0,0.0,1478
7089,1,2477,15.225,5.0,0.0,12477
7119,1,3191,7.28,10.0,0.0,13191
7120,1,3193,7.28,0.0,0.0,13193
7121,1,3189,7.28,10.0,0.0,13189
7122,1,3190,7.28,10.0,0.0,13190
7123,1,3192,7.28,10.0,0.0,13192
7152,1,2237,3.6,30.0,0.0,12237
7153,1,2238,3.6,30.0,0.0,12238
7154,8,3198,1.681,3.0,0.0,83198
7155,8,2339,1.681,3.0,0.0,82339
7156,8,3197,2.143,3.0,0.0,83197
7157,8,2328,7.059,3.0,0.0,82328
7158,8,2435,0.714,3.0,0.0,82435
7165,8,3194,1.681,3.0,0.0,83194
7166,8,3195,1.681,3.0,0.0,83195
7167,8,2644,0.862,0.0,0.0,82644
7168,8,3196,1.788,3.0,0.0,83196
7169,8,1469,1.926,3.0,0.0,81469
7170,8,1842,1.05,3.0,0.0,81842
7173,26,1453,28.6,0.0,0.0,261453
7176,11,1454,28.6,0.0,0.0,111454
7177,11,1453,28.6,0.0,0.0,111453
7178,11,1451,12.184,0.0,0.0,111451
7179,11,1443,2.059,0.0,0.0,111443
7180,11,2127,2.32,0.0,0.0,112127
7181,11,1440,2.32,0.0,0.0,111440
7182,11,1582,0.753,0.0,0.0,111582
7183,11,1438,1.667,0.0,0.0,111438
7184,11,1434,3.0,0.0,0.0,111434
7185,11,1433,2.773,10.0,0.0,111433
7186,11,1435,2.773,0.0,0.0,111435
7187,11,2247,3.109,0.0,0.0,112247
7188,11,2248,3.109,0.0,0.0,112248
7189,11,1452,23.109,0.0,0.0,111452
7196,3,1458,3.782,0.0,0.0,31458
7197,3,1461,1.38,99.0,0.0,31461
7208,3,3201,0.924,0.0,0.0,33201
7221,34,2970,26.092,20.0,0.0,342970
7222,34,2971,26.09,20.0,0.0,342971
7223,34,1598,120.798,20.0,0.0,341598
7224,34,1612,94.285,0.0,0.0,341612
7225,34,2972,48.781,20.0,0.0,342972
7226,34,1673,11.345,3.0,0.0,341673
7227,34,2727,11.345,3.0,0.0,342727
7228,34,2662,7.502,0.0,0.0,342662
7229,34,3149,4.597,0.0,0.0,343149
7230,34,2732,2.95,10.0,0.0,342732
7231,34,2652,2.0,0.0,0.0,342652
7232,34,2729,3.96,10.0,0.0,342729
7233,34,2731,3.96,10.0,0.0,342731
7234,34,2856,1.284,0.0,0.0,342856
7235,34,2713,1.1,0.0,0.0,342713
7236,34,2206,3.781,0.0,0.0,342206
7237,34,3088,1.0,0.0,0.0,343088
7238,34,2882,63.99,0.0,0.0,342882
7239,34,2238,3.6,30.0,0.0,342238
7240,34,2237,3.6,30.0,0.0,342237
7261,34,1047,12.437,3.0,0.0,341047
7262,34,1048,12.437,3.0,0.0,341048
7285,34,1663,2.521,3.0,0.0,341663
7286,34,1664,2.5,0.0,0.0,341664
7311,34,1076,2.619,0.0,0.0,341076
7412,15,2413,13.096,23.0,0.0,152413
7415,6,1503,1.681,0.0,0.0,61503
7416,6,3204,3.105,0.0,0.0,63204
7417,6,1874,2.326,0.0,0.0,61874
7418,6,1492,3.852,0.0,0.0,61492
7419,6,1521,1.463,0.0,0.0,61521
7420,6,1631,1.463,0.0,0.0,61631
7421,6,1520,1.463,0.0,0.0,61520
7422,6,2137,2.571,0.0,0.0,62137
7431,6,3205,2.698,0.0,0.0,63205
7441,6,3206,3.289,0.0,0.0,63206
7452,6,1486,3.852,0.0,0.0,61486
7464,1,2390,5.0,0.0,0.0,12390
7465,1,1729,7.373,15.0,0.0,11729
7656,5,829,4.914,10.0,0.0,5829
7707,1,3207,10.955,10.0,0.0,13207
7708,1,3208,10.955,10.0,0.0,13208
7710,1,2900,12.2,15.0,0.0,12900
7711,1,2502,12.2,15.0,0.0,12502
7713,1,2375,4.3,15.0,0.0,12375
7717,1,1570,18.3,15.0,0.0,11570
7718,1,3209,8.8,9.0,0.0,13209
7721,1,2423,14.975,9.0,0.0,12423
7722,1,1920,11.344,10.0,0.0,11920
7728,1,1370,6.5,10.0,0.0,11370
7730,1,1401,16.449,10.0,0.0,11401
7731,1,2018,14.747,10.0,0.0,12018
7768,1,183,17.4,9.0,0.0,1183
7929,8,1062,13.445,3.0,0.0,81062
7939,8,2442,3.95,3.0,0.0,82442
7940,8,2335,2.353,3.0,0.0,82335
7941,8,2324,3.386,3.0,0.0,82324
7942,8,2146,2.311,3.0,0.0,82146
7943,8,2145,2.311,3.0,0.0,82145
7961,8,3210,4.902,3.0,0.0,83210
7963,26,1451,15.25,0.0,0.0,261451
7984,3,2096,2.057,0.0,0.0,32096
7985,3,1252,2.597,0.0,0.0,31252
7989,35,3213,4.2,0.0,0.0,353213
7990,35,3214,4.2,0.0,0.0,353214
7991,35,2853,5.0,0.0,0.0,352853
7992,35,1547,6.3,0.0,0.0,351547
7995,4,1711,26.669,0.0,0.0,41711
8000,4,999,2.605,3.0,0.0,4999
8001,4,2213,3.007,0.0,0.0,42213
8005,4,2214,2.911,0.0,0.0,42214
8018,4,3215,2.375,0.0,0.0,43215
8019,28,944,13.572,0.0,0.0,28944
8021,28,946,13.572,0.0,0.0,28946
8022,28,948,11.665,0.0,0.0,28948
8023,28,949,11.556,0.0,0.0,28949
8024,28,2402,12.184,0.0,0.0,282402
8025,28,954,4.243,0.0,0.0,28954
8026,28,958,3.319,0.0,0.0,28958
8027,28,2708,5.225,0.0,0.0,282708
8028,28,969,4.412,0.0,0.0,28969
8029,28,967,2.196,0.0,0.0,28967
8031,28,961,6.303,0.0,0.0,28961
8032,28,966,13.033,0.0,0.0,28966
8033,28,934,1.072,0.0,0.0,28934
8034,28,930,1.463,0.0,0.0,28930
8035,28,929,1.463,0.0,0.0,28929
8036,28,928,4.656,0.0,0.0,28928
8037,28,1019,1.587,99.0,0.0,281019
8107,28,1576,15.798,0.0,0.0,281576
8110,28,3221,2.924,0.0,0.0,283221
8111,28,3220,2.924,0.0,0.0,283220
8112,28,3219,2.924,0.0,0.0,283219
8114,28,3218,3.832,0.0,0.0,283218
8115,28,3217,6.847,0.0,0.0,283217
8117,8,2194,2.017,3.0,0.0,82194
8118,8,2200,5.42,3.0,0.0,82200
8119,8,2202,3.627,3.0,0.0,82202
8120,8,2198,1.989,3.0,0.0,82198
8121,8,2197,3.964,3.0,0.0,82197
8123,8,3222,1.471,3.0,0.0,83222
8124,8,3223,1.202,3.0,0.0,83223
8125,8,3224,1.034,3.0,0.0,83224
8126,8,3225,0.678,3.0,0.0,83225
8127,8,3226,1.466,3.0,0.0,83226
8128,8,3227,2.101,3.0,0.0,83227
8129,8,3228,1.849,3.0,0.0,83228
8130,8,3230,1.513,3.0,0.0,83230
8131,8,3229,1.513,3.0,0.0,83229
8132,8,3231,5.336,3.0,0.0,83231
8143,8,3233,10.924,0.0,0.0,83233
8144,8,3232,10.924,0.0,0.0,83232
8145,8,3236,10.924,0.0,0.0,83236
8146,8,3234,10.924,0.0,0.0,83234
8147,8,3235,10.924,0.0,0.0,83235
8148,8,3237,20.038,3.0,0.0,83237
8149,8,3238,24.086,3.0,0.0,83238
8150,8,3239,26.312,3.0,0.0,83239
8151,32,3240,1.111,0.0,0.0,323240
8152,32,3242,1.0,0.0,0.0,323242
8153,8,3244,12.185,3.0,0.0,83244
8157,8,1049,12.437,3.0,0.0,81049
8158,8,3243,16.908,3.0,0.0,83243
8159,8,2389,11.176,3.0,0.0,82389
8167,28,2535,3.771,0.0,0.0,282535
8169,28,3261,3.771,0.0,0.0,283261
8170,28,3247,3.372,0.0,0.0,283247
8171,28,3246,3.372,0.0,0.0,283246
8172,28,3245,3.372,0.0,0.0,283245
8173,28,3248,3.372,0.0,0.0,283248
8174,28,3251,3.372,0.0,0.0,283251
8175,28,3250,3.372,0.0,0.0,283250
8176,28,3249,3.372,0.0,0.0,283249
8177,28,3260,3.372,99.0,0.0,283260
8178,28,2671,5.055,99.0,0.0,282671
8179,28,2523,4.248,0.0,0.0,282523
8180,28,2522,4.248,0.0,0.0,282522
8181,28,2521,4.248,0.0,0.0,282521
8182,28,2784,5.055,0.0,0.0,282784
8183,28,2670,5.055,0.0,0.0,282670
8184,28,2783,5.055,99.0,0.0,282783
8185,28,2520,4.248,0.0,0.0,282520
8186,28,3252,3.372,0.0,0.0,283252
8187,28,2544,2.12,0.0,0.0,282544
8188,28,3253,2.523,0.0,0.0,283253
8189,28,3254,2.523,0.0,0.0,283254
8190,28,3258,2.85,0.0,0.0,283258
8191,28,3255,4.35,0.0,0.0,283255
8192,28,3256,4.1,0.0,0.0,283256
8193,28,3257,7.35,0.0,0.0,283257
8194,28,3259,3.251,0.0,0.0,283259
8259,28,3263,6.541,0.0,0.0,283263
8260,28,3262,6.541,0.0,0.0,283262
8261,6,3264,4.5,0.0,0.0,63264
8264,6,3265,4.5,0.0,0.0,63265
8267,32,3266,1.5,0.0,0.0,323266
8268,1,2170,3.781,5.0,0.0,12170
8273,1,189,10.8,10.0,0.0,1189
8274,1,200,18.0,10.0,0.0,1200
8275,1,204,14.1,15.0,0.0,1204
8276,1,205,14.1,15.0,0.0,1205
8279,1,147,7.2,15.0,0.0,1147
8283,1,1363,5.574,10.0,0.0,11363
8286,1,1906,17.71,5.0,0.0,11906
8287,1,1908,17.71,5.0,0.0,11908
8338,1,3267,4.65,15.0,0.0,13267
8339,36,3271,10.505,0.0,0.0,363271
8340,36,3268,10.505,0.0,0.0,363268
8341,36,3272,10.505,0.0,0.0,363272
8342,36,3273,10.505,0.0,0.0,363273
8343,36,3269,10.505,0.0,0.0,363269
8344,36,3270,10.505,0.0,0.0,363270
8345,36,0,1.0,0.0,0.0,360
8346,3,2714,3.109,0.0,0.0,32714
8349,22,3275,25.3,0.0,0.0,223275
8350,22,3274,25.3,0.0,0.0,223274
8351,22,2890,2.924,0.0,0.0,222890
8352,22,2892,2.924,0.0,0.0,222892
8353,22,2891,2.924,0.0,0.0,222891
8354,22,3221,2.924,0.0,0.0,223221
8355,22,2889,2.924,0.0,0.0,222889
8356,37,961,6.303,0.0,0.0,37961
8357,37,3180,6.374,9.0,0.0,373180
8358,37,2918,5.356,9.0,0.0,372918
8359,8,988,8.911,0.0,0.0,8988
8384,22,927,4.656,0.0,0.0,22927
8385,22,1877,2.037,0.0,0.0,221877
8386,22,1876,2.037,0.0,0.0,221876
8387,22,1652,4.286,0.0,0.0,221652
8388,22,1650,4.286,0.0,0.0,221650
8391,22,1019,1.587,0.0,0.0,221019
8406,22,3278,3.551,0.0,0.0,223278
8407,22,3279,3.551,0.0,0.0,223279
8424,22,3280,11.439,0.0,0.0,223280
8442,22,1576,15.798,0.0,0.0,221576
8443,22,2207,3.097,0.0,0.0,222207
8452,1,1929,24.85,0.0,0.0,11929
8453,1,1976,45.7,0.0,0.0,11976
8454,1,1953,30.0,0.0,0.0,11953
8455,1,1924,24.85,0.0,0.0,11924
8456,1,1932,24.85,0.0,0.0,11932
8457,1,1977,11.5,0.0,0.0,11977
8458,1,1978,12.25,0.0,0.0,11978
8459,1,1961,30.0,0.0,0.0,11961
8462,1,2009,6.709,0.0,0.0,12009
8468,1,1422,16.449,10.0,0.0,11422
8488,3,2518,2.543,0.0,0.0,32518
8489,3,3283,2.137,0.0,0.0,33283
8490,3,3284,2.227,0.0,0.0,33284
8491,3,2183,4.924,0.0,0.0,32183
8496,3,2782,6.05,15.0,0.0,32782
8497,3,2184,3.933,0.0,0.0,32184
8498,3,2185,3.933,0.0,0.0,32185
8518,17,3286,23.626,8.0,0.0,173286
8519,17,3285,23.626,8.0,0.0,173285
8533,1,3281,7.5,0.0,0.0,13281
8550,28,3291,8.309,99.0,0.0,283291
8551,28,3287,8.309,0.0,0.0,283287
8552,28,3290,8.309,0.0,0.0,283290
8553,28,3289,8.309,99.0,0.0,283289
8554,28,3288,8.309,0.0,0.0,283288
8611,28,1030,1.973,99.0,0.0,281030
8612,23,2724,2.547,0.0,0.0,232724
8620,23,3292,2.0,0.0,0.0,233292
8624,4,989,4.333,0.0,0.0,4989
8625,4,998,3.436,0.0,0.0,4998
8628,4,974,1.408,0.0,0.0,4974
8629,4,1028,2.325,99.0,0.0,41028
8643,1,1686,6.655,0.0,0.0,11686
8646,1,2221,8.1,15.0,0.0,12221
8647,1,2218,8.1,15.0,0.0,12218
8648,1,2222,8.1,15.0,0.0,12222
8650,1,267,14.0,0.0,0.0,1267
8651,1,2228,4.2,0.0,0.0,12228
8652,1,792,4.2,12.0,0.0,1792
8653,1,133,9.5,15.0,0.0,1133
8657,1,2231,4.2,0.0,0.0,12231
8660,1,317,2.5,5.0,0.0,1317
8661,1,288,3.3,15.0,0.0,1288
8662,1,55,1.225,15.0,0.0,155
8666,1,465,10.8,7.0,0.0,1465
8667,1,464,10.8,7.0,0.0,1464
8700,1,3294,2.0,0.0,0.0,13294
8701,1,3293,6.6,0.0,0.0,13293
8702,38,3295,2.5,0.0,0.0,383295
8704,1,2126,2.32,0.0,0.0,12126
8705,1,2127,2.32,0.0,0.0,12127
8706,1,1442,2.55,0.0,0.0,11442
8707,1,1443,2.059,0.0,0.0,11443
8708,1,1438,1.667,0.0,0.0,11438
8709,1,1447,16.312,23.0,0.0,11447
8710,1,1454,30.647,23.0,0.0,11454
8711,1,1453,30.647,23.0,0.0,11453
8712,1,3298,10.647,28.0,0.0,13298
8713,1,3299,10.0,28.0,0.0,13299
8714,1,1863,16.426,30.0,0.0,11863
8715,1,3300,6.083,28.0,0.0,13300
8728,1,3302,1.104,15.0,0.0,13302
8730,1,2021,4.2,0.0,0.0,12021
8732,1,335,4.2,0.0,0.0,1335
8734,1,453,4.2,0.0,0.0,1453
8736,1,336,4.2,0.0,0.0,1336
8737,1,3317,1.25,0.0,0.0,13317
8738,1,3318,1.25,0.0,0.0,13318
8739,1,3319,1.25,0.0,0.0,13319
8740,1,3320,1.235,0.0,0.0,13320
8741,1,2759,3.65,0.0,0.0,12759
8742,1,2758,4.1,10.0,0.0,12758
8743,1,3322,3.65,0.0,0.0,13322
8744,1,3329,3.65,0.0,0.0,13329
8745,1,2756,3.65,0.0,0.0,12756
8746,1,3327,3.65,0.0,0.0,13327
8747,1,3328,3.65,0.0,0.0,13328
8748,1,3326,3.65,0.0,0.0,13326
8749,1,3089,3.65,0.0,0.0,13089
8750,1,3324,3.65,0.0,0.0,13324
8751,1,3330,4.1,0.0,0.0,13330
8752,1,3086,4.1,0.0,0.0,13086
8753,1,3323,6.95,0.0,0.0,13323
8754,1,3331,6.25,0.0,0.0,13331
8755,1,841,7.25,0.0,0.0,1841
8756,1,843,7.25,0.0,0.0,1843
8757,1,870,5.6,0.0,0.0,1870
8758,1,2752,5.6,0.0,0.0,12752
8759,1,869,5.6,0.0,0.0,1869
8760,1,871,5.6,0.0,0.0,1871
8793,1,2757,3.65,0.0,0.0,12757
8827,1,3333,1.6,0.0,0.0,13333
8828,1,337,1.6,0.0,0.0,1337
8830,1,3332,1.6,0.0,0.0,13332
8831,1,3306,7.4,0.0,0.0,13306
8833,1,2711,6.95,10.0,0.0,12711
8834,1,3308,6.95,10.0,0.0,13308
8835,1,3309,6.95,10.0,0.0,13309
8836,1,2710,6.95,10.0,0.0,12710
8837,1,3313,6.15,0.0,0.0,13313
8838,1,3312,6.15,0.0,0.0,13312
8839,1,3314,6.15,0.0,0.0,13314
8840,1,3315,6.15,0.0,0.0,13315
8841,1,3310,6.15,0.0,0.0,13310
8842,1,3311,6.15,0.0,0.0,13311
8843,1,3316,8.0,0.0,0.0,13316
8844,1,3336,2.5,0.0,0.0,13336
8845,1,3335,2.5,0.0,0.0,13335
8846,1,3334,2.5,0.0,0.0,13334
8847,1,3305,6.75,0.0,0.0,13305
8848,1,3304,6.75,0.0,0.0,13304
8849,1,3303,6.75,0.0,0.0,13303
8887,1,853,3.9,10.0,0.0,1853
8926,1,3337,3.65,0.0,0.0,13337
8966,1,3338,1.235,0.0,0.0,13338
8967,1,1574,13.7,0.0,0.0,11574
8968,1,458,13.7,0.0,0.0,1458
8971,1,457,13.1,0.0,0.0,1457
8972,1,1573,13.5,0.0,0.0,11573
8977,1,991,13.5,10.0,0.0,1991
8978,1,992,13.5,10.0,0.0,1992
8979,1,1572,13.5,10.0,0.0,11572
8987,1,2,7.625,9.0,0.0,12
8988,1,1390,23.256,10.0,0.0,11390
9015,1,285,12.05,0.0,0.0,1285
9016,17,3345,9.214,13.0,0.0,173345
9017,17,3344,9.214,13.0,0.0,173344
9018,17,3340,10.467,7.0,0.0,173340
9020,17,3339,10.467,7.0,0.0,173339
9023,17,3342,5.382,4.0,0.0,173342
9029,17,3341,5.382,4.0,0.0,173341
9032,17,3343,3.579,3.0,0.0,173343
9033,17,2816,3.579,3.0,0.0,172816
9034,17,2815,3.579,3.0,0.0,172815
9035,8,3346,1.849,3.0,0.0,83346
9036,8,2647,4.179,0.0,0.0,82647
9037,8,3347,3.62,3.0,0.0,83347
9038,8,2648,4.179,0.0,0.0,82648
9047,8,2474,2.005,3.0,0.0,82474
9053,4,1579,2.175,0.0,0.0,41579
9058,8,1113,1.75,3.0,0.0,81113
9059,8,1089,4.258,3.0,0.0,81089
9064,8,1044,8.151,3.0,0.0,81044
9065,8,1539,8.151,3.0,0.0,81539
9066,8,1053,3.361,3.0,0.0,81053
9070,8,1068,14.308,3.0,0.0,81068
9072,8,1015,2.055,0.0,0.0,81015
9079,4,1015,2.055,0.0,0.0,41015
9093,1,2242,11.8,15.0,0.0,12242
9094,1,43,3.9,5.0,0.0,143
9100,1,804,4.496,0.0,0.0,1804
9101,1,802,4.496,0.0,0.0,1802
9102,1,813,3.902,10.0,0.0,1813
9103,1,816,3.902,10.0,0.0,1816
9106,1,491,1.36,15.0,0.0,1491
9111,1,1693,6.47,0.0,0.0,11693
9112,1,2239,3.6,30.0,0.0,12239
9147,1,3351,4.5,0.0,0.0,13351
9148,1,3350,4.5,0.0,0.0,13350
9149,1,3349,4.5,0.0,0.0,13349
9150,1,3348,4.5,0.0,0.0,13348
9166,4,3353,1.276,0.0,0.0,43353
9167,4,3352,1.276,0.0,0.0,43352
9168,4,935,1.072,0.0,0.0,4935
9169,4,936,3.173,0.0,0.0,4936
9170,4,2122,3.173,0.0,0.0,42122
9176,4,950,11.565,0.0,0.0,4950
9177,4,948,11.665,0.0,0.0,4948
9178,4,949,11.556,0.0,0.0,4949
9179,4,952,18.8,0.0,0.0,4952
9180,4,953,15.798,0.0,0.0,4953
9181,4,1710,15.798,0.0,0.0,41710
9184,4,1575,21.303,0.0,0.0,41575
9185,4,933,0.509,0.0,0.0,4933
9186,4,932,0.509,0.0,0.0,4932
9203,4,3354,17.251,0.0,0.0,43354
9279,5,1,7.625,9.0,0.0,51
9280,21,2431,8.403,3.0,0.0,212431
9281,21,2430,8.403,3.0,0.0,212430
9282,21,2429,8.403,3.0,0.0,212429
9283,21,1010,5.7,0.0,0.0,211010
9284,21,2118,3.949,0.0,0.0,212118
9285,21,2116,3.949,0.0,0.0,212116
9286,21,2208,2.9,0.0,0.0,212208
9287,21,72,13.5,40.0,0.0,2172
9288,21,2114,2.9,0.0,0.0,212114
9289,21,2165,3.9,5.0,0.0,212165
9290,21,1647,11.8,35.0,0.0,211647
9291,21,1840,3.782,0.0,0.0,211840
9292,21,1895,7.983,0.0,0.0,211895
9293,21,2292,9.5,15.0,0.0,212292
9294,21,772,6.381,10.0,0.0,21772
9295,21,1900,7.983,0.0,0.0,211900
9296,21,805,19.021,10.0,0.0,21805
9297,21,1372,0.95,10.0,0.0,211372
9298,21,2220,8.1,15.0,0.0,212220
9299,21,1928,24.85,0.0,0.0,211928
9300,21,2203,9.8,10.0,0.0,212203
9301,21,539,2.293,0.0,0.0,21539
9302,21,322,3.927,10.0,0.0,21322
9303,21,2249,1.471,0.0,0.0,212249
9304,21,1019,1.587,0.0,0.0,211019
9305,21,2398,2.744,0.0,0.0,212398
9306,21,1,7.625,9.0,0.0,211
9307,1,3355,14.0,0.0,0.0,13355
9309,6,3358,7.5,0.0,0.0,63358
9310,6,3357,7.5,0.0,0.0,63357
9311,6,3356,11.5,0.0,0.0,63356
9312,39,1582,0.753,0.0,0.0,391582
9314,39,1436,0.753,0.0,0.0,391436
9315,39,2842,4.622,0.0,0.0,392842
9316,39,1580,9.244,0.0,0.0,391580
9317,39,1583,0.84,0.0,0.0,391583
9318,39,1786,0.84,0.0,0.0,391786
9319,39,3063,1.313,0.0,0.0,393063
9337,8,1108,4.916,3.0,0.0,81108
9354,1,1450,16.312,23.0,0.0,11450
9355,1,1451,15.25,0.0,0.0,11451
9361,1,2225,10.2,20.0,0.0,12225
9364,1,2224,8.1,15.0,0.0,12224
9366,1,60,4.4,0.0,0.0,160
9367,1,61,4.4,0.0,0.0,161
9368,1,58,4.4,0.0,0.0,158
9369,1,57,4.4,0.0,0.0,157
9372,1,169,8.5,15.0,0.0,1169
9376,1,123,10.2,15.0,0.0,1123
9378,1,2295,10.2,15.0,0.0,12295
9402,1,3365,10.199,15.0,0.0,13365
9453,1,3384,8.507,0.0,0.0,13384
9454,1,3385,13.087,0.0,0.0,13385
9455,1,3382,11.554,0.0,0.0,13382
9456,1,3383,11.554,0.0,0.0,13383
9457,1,3381,11.554,0.0,0.0,13381
9458,1,3380,6.932,0.0,0.0,13380
9459,1,3379,6.932,0.0,0.0,13379
9460,1,3378,6.932,0.0,0.0,13378
9461,1,3374,1.386,0.0,0.0,13374
9462,1,3377,1.848,0.0,0.0,13377
9463,1,3376,1.848,0.0,0.0,13376
9464,1,3375,1.848,0.0,0.0,13375
9465,1,3373,6.555,0.0,0.0,13373
9466,1,3371,6.655,0.0,0.0,13371
9467,1,3372,6.555,0.0,0.0,13372
9468,1,3368,10.2,0.0,0.0,13368
9469,1,3370,10.2,0.0,0.0,13370
9470,1,3369,10.2,0.0,0.0,13369
9471,1,3367,10.199,0.0,0.0,13367
9472,1,3366,10.199,0.0,0.0,13366
9473,1,3386,16.0,0.0,0.0,13386
9474,1,3364,16.806,0.0,0.0,13364
9475,1,3361,16.806,0.0,0.0,13361
9476,1,3363,16.806,0.0,0.0,13363
9477,1,3362,16.806,0.0,0.0,13362
9478,1,3360,16.806,0.0,0.0,13360
9490,3,3391,0.378,0.0,0.0,33391
9491,3,3393,1.256,0.0,0.0,33393
9492,3,3392,1.765,0.0,0.0,33392
9494,3,3389,17.61,0.0,0.0,33389
9495,3,3390,16.807,0.0,0.0,33390
9496,3,3388,38.374,0.0,0.0,33388
9497,3,3387,12.236,0.0,0.0,33387
9498,3,2434,2.941,0.0,0.0,32434
9499,3,2509,10.504,0.0,0.0,32509
9500,3,2369,4.857,0.0,0.0,32369
9577,5,883,6.95,0.0,0.0,5883
9716,40,0,2.496,0.0,0.0,400
9717,40,3395,2.496,0.0,0.0,403395
9718,40,3394,2.496,0.0,0.0,403394
9719,40,3396,2.496,0.0,1.0,403396
9720,40,3399,2.496,0.0,0.0,403399
9721,40,3397,2.496,0.0,0.0,403397
9722,40,3404,4.992,0.0,0.0,403404
9723,40,3403,4.992,0.0,0.0,403403
9724,40,3401,4.992,0.0,0.0,403401
9725,40,3400,4.992,0.0,0.0,403400
9726,40,3402,4.992,0.0,0.0,403402
9727,40,3405,4.992,0.0,0.0,403405
9750,40,3398,2.496,0.0,0.0,403398
9763,5,610,2.231,3.0,0.0,5610
9764,5,1253,3.312,0.0,0.0,51253
9765,5,2958,3.319,0.0,0.0,52958
9766,5,1705,2.7,15.0,1.0,51705
9767,5,2535,3.771,0.0,0.0,52535
9768,5,2612,6.927,2.0,0.0,52612
9769,5,1263,4.706,0.0,0.0,51263
9770,5,3311,6.15,0.0,0.0,53311
9771,5,3315,6.15,0.0,0.0,53315
9772,5,476,10.955,10.0,0.0,5476
9773,5,3309,6.95,0.0,0.0,53309
9774,5,2711,6.95,0.0,0.0,52711
9775,5,2908,3.621,0.0,0.0,52908
9799,1,1312,6.578,10.0,0.0,11312
9802,1,1319,6.578,10.0,0.0,11319
9805,1,1306,6.578,10.0,0.0,11306
9811,1,1347,4.914,10.0,0.0,11347
9813,1,1323,7.713,10.0,0.0,11323
9825,1,1327,7.713,10.0,0.0,11327
9839,1,1354,4.914,10.0,0.0,11354
9842,1,1351,4.914,10.0,0.0,11351
9844,1,1357,4.914,10.0,0.0,11357
9853,1,1358,4.914,10.0,0.0,11358
9854,1,1346,4.095,10.0,0.0,11346
9855,1,1362,4.914,10.0,0.0,11362
9859,1,1352,4.914,10.0,0.0,11352
9860,1,825,4.914,10.0,0.0,1825
9938,41,1451,15.25,0.0,0.0,411451
9939,41,1449,14.5,0.0,0.0,411449
9940,42,3412,3.5,0.0,0.0,423412
9941,42,3411,3.5,0.0,0.0,423411
9942,42,3410,3.5,0.0,0.0,423410
9943,42,3409,3.5,0.0,0.0,423409
9944,42,3408,3.5,0.0,0.0,423408
9945,42,3407,3.5,0.0,0.0,423407
9948,1,2767,4.914,10.0,0.0,12767
9949,1,2773,4.914,10.0,0.0,12773
9950,1,2775,4.914,10.0,0.0,12775
9964,1,3413,4.914,10.0,0.0,13413
9965,1,3414,4.914,10.0,0.0,13414
9984,1,1203,9.05,0.0,0.0,11203
9998,1,3419,7.28,0.0,0.0,13419
10021,1,3420,7.28,0.0,0.0,13420
10034,1,3421,7.28,0.0,0.0,13421
10048,1,3422,7.28,0.0,0.0,13422
10063,1,3423,7.28,0.0,0.0,13423
10079,1,3428,7.28,0.0,0.0,13428
10080,1,3426,7.28,0.0,0.0,13426
10081,1,3431,7.28,0.0,0.0,13431
10082,1,3427,7.28,0.0,0.0,13427
10083,1,3425,7.28,0.0,0.0,13425
10084,1,3430,7.28,0.0,0.0,13430
10085,1,3429,7.28,0.0,0.0,13429
10086,1,3424,7.28,0.0,0.0,13424
10110,1,3435,7.28,0.0,0.0,13435
10111,1,3441,7.28,0.0,0.0,13441
10112,1,3439,7.28,0.0,0.0,13439
10113,1,3434,7.28,0.0,0.0,13434
10114,1,3433,7.28,0.0,0.0,13433
10115,1,3432,7.28,0.0,0.0,13432
10116,1,3438,7.28,0.0,0.0,13438
10117,1,3436,7.28,0.0,0.0,13436
10118,1,3440,7.28,0.0,0.0,13440
10119,1,3442,7.28,0.0,0.0,13442
10120,1,3416,18.95,0.0,0.0,13416
10121,1,3417,20.88,0.0,0.0,13417
10122,1,3418,18.95,0.0,0.0,13418
10123,1,3415,18.95,0.0,0.0,13415
10128,1,3452,13.95,9.0,0.0,13452
10129,1,3446,19.3,9.0,0.0,13446
10131,1,3445,15.75,9.0,0.0,13445
10133,1,2203,10.955,10.0,0.0,12203
10134,1,3448,10.955,10.0,0.0,13448
10135,1,3447,10.955,10.0,0.0,13447
10136,1,3449,10.955,10.0,0.0,13449
10140,1,3450,12.2,10.0,0.0,13450
10141,1,3451,11.9,10.0,0.0,13451
10142,1,3443,15.6,20.0,0.0,13443
10143,1,232,15.3,20.0,0.0,1232
10144,1,234,15.3,20.0,0.0,1234
10145,1,3444,15.1,20.0,0.0,13444
10164,1,3454,26.5,15.0,0.0,13454
10165,1,209,26.5,15.0,0.0,1209
10166,1,211,25.0,15.0,0.0,1211
10167,1,212,26.5,15.0,0.0,1212
10168,1,213,26.5,15.0,0.0,1213
10169,1,207,26.5,15.0,0.0,1207
10170,1,3453,26.5,15.0,0.0,13453
10171,1,218,26.5,15.0,0.0,1218
10172,1,214,26.5,15.0,0.0,1214
10341,5,105,14.8,15.0,0.0,5105
10344,1,59,4.4,0.0,0.0,159
10347,1,62,4.4,0.0,0.0,162
10348,1,63,3.8,15.0,0.0,163
10349,1,64,3.8,15.0,0.0,164
10350,1,65,3.8,15.0,0.0,165
10351,1,66,3.8,15.0,0.0,166
10352,1,67,3.8,15.0,0.0,167
10353,1,68,3.8,15.0,0.0,168
10360,1,73,12.6,15.0,0.0,173
10364,1,174,10.2,9.0,0.0,1174
10366,1,176,9.8,9.0,0.0,1176
10370,1,180,17.4,9.0,0.0,1180
10427,4,993,14.21,0.0,0.0,4993
10432,4,1544,2.911,0.0,0.0,41544
10438,4,1004,2.541,0.0,0.0,41004
10456,4,3455,14.21,0.0,0.0,43455
10461,1,251,9.8,7.0,0.0,1251
10465,1,256,9.8,7.0,0.0,1256
10592,1,3456,7.28,0.0,0.0,13456
10709,5,1035,28.501,0.0,0.0,51035
10715,11,1437,1.68,0.0,0.0,111437
10716,11,1436,0.753,0.0,0.0,111436
10717,11,1439,3.655,0.0,0.0,111439
10718,11,1430,2.773,10.0,0.0,111430
10720,11,1432,2.773,0.0,0.0,111432
10721,11,1431,3.0,0.0,0.0,111431
10724,11,1444,2.45,0.0,0.0,111444
10726,11,1442,2.55,0.0,0.0,111442
10727,11,1441,2.76,0.0,0.0,111441
10729,11,1445,19.412,0.0,0.0,111445
10730,11,1446,18.235,0.0,0.0,111446
10731,11,1450,14.5,0.0,0.0,111450
10732,11,1449,14.5,0.0,0.0,111449
10733,11,1448,12.184,0.0,0.0,111448
10734,11,1447,15.25,0.0,0.0,111447
10860,11,2126,2.32,0.0,0.0,112126
10862,11,1614,2.773,0.0,0.0,111614
10863,11,1843,3.865,0.0,0.0,111843
10864,11,1785,3.865,0.0,0.0,111785
10868,11,2124,0.0,0.0,0.0,112124
10869,11,2125,0.0,0.0,0.0,112125
10877,1,190,11.2,10.0,0.0,1190
10889,1,230,17.6,15.0,0.0,1230
10893,1,858,5.574,10.0,0.0,1858
10894,1,1366,5.574,10.0,0.0,11366
10895,1,1373,0.711,10.0,0.0,11373
10900,1,1391,23.256,10.0,0.0,11391
10907,1,1922,15.315,10.0,0.0,11922
10908,1,277,15.9,5.0,0.0,1277
10909,1,1911,17.71,5.0,0.0,11911
10910,1,1904,15.84,5.0,0.0,11904
10911,1,1905,15.84,5.0,0.0,11905
11012,8,3458,13.067,3.0,0.0,83458
11013,8,3457,13.067,3.0,0.0,83457
11129,3,1473,9.723,0.0,0.0,31473
11130,3,1267,4.023,0.0,0.0,31267
11131,3,1265,4.023,0.0,0.0,31265
11132,3,1268,4.023,0.0,0.0,31268
11136,3,1641,2.118,0.0,0.0,31641
11216,5,415,0.564,0.0,0.0,5415
11217,43,3459,1.25,0.0,0.0,433459
11218,44,3462,4.0,0.0,0.0,443462
11219,44,3461,1.5,0.0,0.0,443461
11220,44,3460,3.0,0.0,0.0,443460
11221,5,2135,2.571,0.0,0.0,52135
11223,5,2136,2.571,0.0,0.0,52136
11230,4,988,10.346,0.0,0.0,4988
11235,4,983,1.483,0.0,0.0,4983
11236,4,985,2.5,0.0,0.0,4985
11237,4,1036,0.928,0.0,0.0,41036
11298,1,1369,6.5,10.0,0.0,11369
11303,1,1659,1.957,20.0,0.0,11659
11364,1,3463,16.9,0.0,0.0,13463
11365,1,398,17.0,10.0,0.0,1398
11366,1,2107,5.65,0.0,0.0,12107
11367,1,1669,3.94,7.0,0.0,11669
11369,1,769,8.41,0.0,0.0,1769
11373,1,313,4.65,5.0,0.0,1313
11376,1,772,6.381,10.0,0.0,1772
11377,1,766,6.381,10.0,0.0,1766
11378,1,774,6.381,10.0,0.0,1774
11379,1,759,6.586,10.0,0.0,1759
11380,1,761,6.586,10.0,0.0,1761
11381,1,764,6.586,10.0,0.0,1764
11382,1,763,6.586,10.0,0.0,1763
11383,1,396,28.263,15.0,0.0,1396
11384,1,1480,21.242,15.0,0.0,11480
11389,1,2255,4.958,10.0,0.0,12255
11390,1,808,5.462,0.0,0.0,1808
11391,1,1798,13.13,10.0,0.0,11798
11392,1,1809,21.008,10.0,0.0,11809
11393,1,1814,38.34,10.0,0.0,11814
11394,1,1831,14.968,10.0,0.0,11831
11395,1,1833,24.684,10.0,0.0,11833
11455,1,3465,4.5,0.0,0.0,13465
11456,1,3464,13.95,9.0,0.0,13464
11776,5,2569,4.601,0.0,0.0,52569
11777,8,3466,2.171,3.0,0.0,83466
11778,8,2342,1.681,3.0,0.0,82342
11779,8,2663,3.361,3.0,0.0,82663
11780,8,3099,0.728,3.0,0.0,83099
11782,8,3472,4.032,3.0,0.0,83472
11783,8,3473,4.032,3.0,0.0,83473
11784,8,2703,5.21,3.0,0.0,82703
11785,8,2329,5.21,3.0,0.0,82329
11787,8,3474,3.374,3.0,0.0,83474
11788,8,2321,3.622,3.0,0.0,82321
11789,8,2322,3.343,3.0,0.0,82322
11790,8,3476,1.681,3.0,0.0,83476
11805,8,2463,3.329,3.0,0.0,82463
11806,8,2215,3.319,3.0,0.0,82215
11810,8,2468,3.416,3.0,0.0,82468
11811,8,2470,3.622,3.0,0.0,82470
11812,8,3485,22.689,3.0,0.0,83485
11814,8,3102,13.361,3.0,0.0,83102
11815,8,415,0.298,3.0,0.0,8415
11816,8,3483,0.298,3.0,0.0,83483
11817,8,2637,10.253,3.0,0.0,82637
11845,8,2099,0.77,3.0,0.0,82099
11846,8,662,2.105,3.0,0.0,8662
11847,8,3475,0.84,3.0,0.0,83475
11848,8,2653,0.84,3.0,0.0,82653
11849,8,2643,0.84,3.0,0.0,82643
11852,8,3103,0.189,3.0,0.0,83103
11853,8,3479,2.101,3.0,0.0,83479
11854,8,3484,2.735,3.0,0.0,83484
11855,8,3468,1.933,3.0,0.0,83468
11856,8,2333,1.975,3.0,0.0,82333
11859,8,3478,2.1,3.0,0.0,83478
11860,8,3480,6.427,3.0,0.0,83480
11861,8,3470,3.383,3.0,0.0,83470
11862,8,3471,3.383,3.0,0.0,83471
11863,8,3469,3.383,3.0,0.0,83469
11864,8,3487,16.267,3.0,0.0,83487
11865,8,2642,0.93,3.0,0.0,82642
11866,8,2330,3.058,3.0,0.0,82330
11867,8,3467,7.97,3.0,0.0,83467
11870,8,3486,20.168,3.0,0.0,83486
11873,13,1700,10.5,10.0,0.0,131700
11874,13,3493,7.0,10.0,0.0,133493
11875,13,3489,7.0,10.0,0.0,133489
11876,13,3494,7.0,10.0,0.0,133494
11877,13,3491,3.0,10.0,0.0,133491
11878,13,3492,3.0,10.0,0.0,133492
11879,13,3490,2.5,10.0,0.0,133490
11880,13,0,1.0,0.0,0.0,130
11911,14,3496,2.95,10.0,1.0,143496
11968,8,3495,0.63,3.0,0.0,83495
12084,6,1619,7.5,0.0,0.0,61619
12085,6,1624,7.5,0.0,0.0,61624
12086,6,1620,7.5,0.0,0.0,61620
12087,6,1625,7.5,0.0,0.0,61625
12088,6,1623,6.302,0.0,0.0,61623
12089,19,3500,3.111,0.0,0.0,193500
12090,19,3501,1.466,0.0,0.0,193501
12093,19,3502,1.5,0.0,0.0,193502
12097,19,3503,1.25,0.0,0.0,193503
12102,19,3505,1.7,0.0,0.0,193505
12103,19,3504,2.7,0.0,0.0,193504
12104,19,3506,9.244,0.0,0.0,193506
12106,19,3507,5.378,0.0,0.0,193507
12109,19,3508,3.866,0.0,0.0,193508
12113,19,3101,3.361,0.0,0.0,193101
12118,19,3509,3.992,0.0,0.0,193509
12124,19,3510,4.37,0.0,0.0,193510
12131,19,3511,7.983,0.0,0.0,193511
12139,19,3512,2.689,0.0,0.0,193512
12148,19,3513,1.092,0.0,0.0,193513
12158,19,3514,8.655,0.0,0.0,193514
12169,19,3515,4.202,0.0,0.0,193515
12192,19,3516,3.361,0.0,0.0,193516
12205,19,3517,1.261,0.0,0.0,193517
12232,19,3518,0.748,0.0,0.0,193518
12247,19,3519,1.449,0.0,0.0,193519
12263,19,3520,3.361,0.0,0.0,193520
12280,19,3485,22.689,0.0,0.0,193485
12298,19,3521,22.689,0.0,0.0,193521
12317,19,3522,0.84,0.0,0.0,193522
12337,19,3523,4.454,0.0,0.0,193523
12358,19,3524,0.924,0.0,0.0,193524
12380,19,2367,1.261,0.0,0.0,192367
12403,19,3526,1.933,0.0,0.0,193526
12404,19,3527,8.8,0.0,0.0,193527
12523,8,680,2.101,3.0,0.0,8680
12695,8,3482,0.924,3.0,0.0,83482
12696,8,3481,0.672,3.0,0.0,83481
12703,5,2621,8.74,0.0,0.0,52621
12717,5,2245,12.0,0.0,0.0,52245
12777,8,3488,1.932,3.0,0.0,83488
12813,5,2366,2.744,0.0,0.0,52366
12814,5,1010,5.7,0.0,0.0,51010
12815,5,2869,2.189,3.0,0.0,52869
12816,5,1544,2.911,0.0,0.0,51544
12819,17,2515,12.184,9.0,0.0,172515
12821,17,1552,19.984,8.0,0.0,171552
12823,17,3529,3.323,15.0,0.0,173529
12824,17,2821,3.323,15.0,0.0,172821
12825,17,2512,3.323,15.0,0.0,172512
12827,17,3531,5.649,17.0,0.0,173531
12828,17,3533,15.615,18.0,0.0,173533
12830,17,3532,15.615,18.0,0.0,173532
12844,17,3534,9.214,13.0,0.0,173534
12846,17,3530,8.795,13.0,0.0,173530
12888,43,1580,9.243,0.0,0.0,431580
12889,1,3535,19.3,9.0,0.0,13535
12890,1,3536,19.3,9.0,0.0,13536
12891,1,3537,19.3,9.0,0.0,13537
12892,1,1234,6.985,25.0,0.0,11234
12893,1,1237,6.985,25.0,0.0,11237
12894,1,1232,6.985,25.0,0.0,11232
12902,1,3538,10.955,10.0,0.0,13538
12905,1,455,0.875,0.0,0.0,1455
12906,1,295,1.333,0.0,0.0,1295
12910,1,708,6.1,10.0,0.0,1708
12911,1,702,10.5,10.0,0.0,1702
12912,1,2604,6.1,10.0,0.0,12604
12913,1,705,6.1,10.0,0.0,1705
12914,1,2606,6.1,10.0,0.0,12606
12915,1,707,6.1,10.0,0.0,1707
12916,1,2602,6.1,10.0,0.0,12602
12920,1,3539,4.958,20.0,0.0,13539
12921,4,2583,5.496,0.0,0.0,42583
12922,4,3540,5.496,0.0,0.0,43540
12923,4,3541,7.433,0.0,0.0,43541
12924,4,3083,2.523,0.0,0.0,43083
12925,4,3542,3.11,0.0,0.0,43542
12926,4,3543,1.68,0.0,0.0,43543
12927,4,2558,4.395,0.0,0.0,42558
12928,4,3544,4.395,0.0,0.0,43544
12929,4,2557,5.496,0.0,0.0,42557
12930,4,2555,5.496,0.0,0.0,42555
12931,4,2957,7.757,0.0,0.0,42957
12932,4,2670,4.247,0.0,0.0,42670
12933,4,2550,3.525,0.0,0.0,42550
12934,4,2694,4.195,0.0,0.0,42694
12935,4,2553,3.525,0.0,0.0,42553
12936,4,3545,3.525,0.0,0.0,43545
12953,5,1440,2.32,0.0,0.0,51440
12972,26,1440,2.32,0.0,0.0,261440
13026,5,1332,7.713,10.0,0.0,51332
13027,5,2987,4.39,0.0,0.0,52987
13028,5,2283,9.0,15.0,1.0,52283
13029,5,1838,2.437,10.0,0.0,51838
13030,5,1342,2.438,10.0,0.0,51342
13031,5,2127,2.32,0.0,0.0,52127
13033,5,1442,2.55,0.0,0.0,51442
13034,5,1336,7.713,10.0,0.0,51336
13035,5,1314,6.578,10.0,0.0,51314
13036,5,1297,6.578,10.0,0.0,51297
13037,5,3189,7.28,10.0,0.0,53189
13040,3,1635,12.605,0.0,0.0,31635
13042,3,1465,5.233,0.0,0.0,31465
13043,3,3546,5.233,0.0,0.0,33546
13045,3,1464,5.233,0.0,0.0,31464
13046,3,1467,5.233,0.0,0.0,31467
13138,5,2022,2.437,10.0,0.0,52022
13139,5,1317,6.578,10.0,0.0,51317
13140,5,2854,3.109,0.0,0.0,52854
13162,6,1622,6.302,0.0,0.0,61622
13165,6,3557,5.087,0.0,0.0,63557
13166,6,3556,5.087,0.0,0.0,63556
13167,6,3555,5.087,0.0,0.0,63555
13168,6,3553,6.414,0.0,0.0,63553
13169,6,3551,6.414,0.0,0.0,63551
13170,6,3552,6.414,0.0,0.0,63552
13179,8,1104,4.902,0.0,0.0,81104
13180,8,1106,4.902,0.0,0.0,81106
13203,8,1096,4.58,5.0,0.0,81096
13206,40,3411,3.5,0.0,0.0,403411
13207,40,3408,3.5,0.0,0.0,403408
13208,40,3407,3.5,0.0,0.0,403407
13209,40,3410,3.5,0.0,0.0,403410
13210,40,3412,3.5,0.0,0.0,403412
13211,40,3409,3.5,0.0,0.0,403409
13212,40,3560,8.4,0.0,0.0,403560
13213,40,3563,3.025,0.0,0.0,403563
13214,40,3568,7.983,0.0,0.0,403568
13215,40,3559,2.689,0.0,0.0,403559
13216,40,3565,6.3,0.0,0.0,403565
13217,40,3567,6.3,0.0,0.0,403567
13218,40,3562,8.4,0.0,0.0,403562
13219,40,3564,6.3,0.0,0.0,403564
13236,40,3573,9.075,0.0,0.0,403573
13237,40,3569,9.075,0.0,0.0,403569
13238,40,3571,9.075,0.0,0.0,403571
13239,40,3572,9.075,0.0,0.0,403572
13240,40,3570,9.075,0.0,0.0,403570
13283,40,3574,9.075,0.0,0.0,403574
13306,40,3578,3.6,0.0,0.0,403578
13307,40,3576,3.6,0.0,0.0,403576
13308,40,3575,3.6,0.0,0.0,403575
13309,40,3577,3.6,0.0,0.0,403577
13397,6,3554,6.414,0.0,0.0,63554
13398,6,1630,6.302,0.0,0.0,61630
13411,3,3580,0.924,0.0,0.0,33580
13412,3,3579,0.924,0.0,0.0,33579
13413,3,1477,0.924,0.0,0.0,31477
13414,25,3582,5.315,5.0,0.0,253582
13415,25,3581,5.315,5.0,0.0,253581
13416,25,1230,2.325,5.0,0.0,251230
13417,25,1228,2.325,5.0,0.0,251228
13418,25,1242,2.325,5.0,0.0,251242
13419,25,3583,14.08,5.0,0.0,253583
13420,25,3584,14.08,5.0,0.0,253584
13421,1,765,8.41,0.0,0.0,1765
13422,1,1750,27.794,0.0,0.0,11750
13427,1,1737,14.65,5.0,0.0,11737
13447,1,2245,12.0,0.0,0.0,12245
13481,13,3590,13.899,0.0,0.0,133590
13482,13,3588,13.899,0.0,0.0,133588
13483,13,3589,13.899,0.0,0.0,133589
13484,13,2417,9.772,0.0,0.0,132417
13485,13,2415,2.931,0.0,0.0,132415
13491,13,2903,14.824,22.0,0.0,132903
13498,13,3591,3.005,0.0,0.0,133591
13506,13,2905,5.311,0.0,0.0,132905
13515,13,3592,3.682,0.0,0.0,133592
13525,13,2908,6.021,0.0,0.0,132908
13536,13,2422,4.159,0.0,0.0,132422
13548,13,2421,4.159,0.0,0.0,132421
13561,13,3105,6.478,0.0,0.0,133105
13575,22,930,1.463,0.0,0.0,22930
13579,22,962,5.87,0.0,0.0,22962
13580,22,2298,3.039,0.0,0.0,222298
13582,22,1291,18.318,0.0,0.0,221291
13583,22,1290,18.318,0.0,0.0,221290
13585,22,1710,15.798,0.0,0.0,221710
13588,22,1791,17.15,0.0,0.0,221791
13603,22,3594,14.501,0.0,0.0,223594
13604,22,3593,17.15,0.0,0.0,223593
13621,22,3595,1.93,0.0,0.0,223595
13639,43,2842,4.622,0.0,0.0,432842
13641,43,3596,2.941,0.0,0.0,433596
13642,6,3586,6.44,0.0,0.0,63586
13645,6,3585,6.44,0.0,0.0,63585
13646,1,1448,16.312,23.0,0.0,11448
