ReceiptID,Barcode,ItemName,Itemcount,ItemBuyPrice,ItemSellPrice,ReceiptDate,Status,ItemEAN,OriginalSellPrice,ReceiptCashier
439,1617,Gel Douche Sensea Huile D'amande & Miel,1.0,3.7,3.93,2024-08-15 10:43:00,1,,3.93,
441,2507,NIVEA  DEO FEMME Dry fresh,1.0,9.609,11.5,2024-08-18 12:30:02,1,,11.5,
443,2534,Lilas G.Douche Extrème Homme Sensitive 400mL,1.0,4.195,5.2,2024-08-19 16:42:07,1,,5.2,
443,2550,Lilas G.Douche Extrème Femme Fruité 500mL,1.0,4.195,5.2,2024-08-19 16:42:07,1,,5.2,
443,1459,Esuie Tout Maxi Fleur orangé x2 Cotex,1.0,4.75,5.5,2024-08-19 16:42:07,1,,5.5,
446,1584,Papier Toilette Cotex x4,1.0,1.95,2.9,2024-08-24 11:56:08,1,,2.9,
447,59,CLASS CIRE PURPLE POWER 150 ML,2.0,5.236,6.9,2024-08-25 15:23:48,1,,6.9,
447,61,CLASS CIRE WHITE POWER 150 ML,1.0,5.236,6.9,2024-08-25 15:23:48,1,,6.9,
448,2183,Judy Grizay Azur 4L,1.0,6.795,7.9,2024-08-26 20:25:58,1,,7.9,
448,2133,Savon Dove Bleu beauty Cream,1.0,3.582,4.3,2024-08-26 20:25:58,1,,4.3,
448,2264,Savon Dove Go Fresh Revive,1.0,3.582,4.3,2024-08-26 20:25:58,1,,4.3,
454,415,CARTHAGE PILE AA  B2,2.0,0.671,1.0,2024-09-11 11:56:52,1,,1.0,
460,108,NIVEA creme SOFT 50ML,1.0,4.855,6.3,2024-10-01 12:03:25,1,,6.3,
460,365,ELEGANCE  SERUM 120ML,1.0,15.101,18.0,2024-10-01 12:03:25,1,,18.0,
460,2735,JJoia body care massage oil vanille et marshmallow 300ML,1.0,13.629,16.9,2024-10-01 12:03:25,1,,16.9,
460,974,Lilas Serv 30*30 Table,1.0,1.408,1.9,2024-10-01 12:03:25,1,,1.9,
460,2237,Class Deo Homme Mizo 150mL,1.0,2.999,3.34,2024-10-01 12:03:25,1,,3.34,
460,1743,Garnier skin Active Masque Tissu yeux Anti-fatigue,1.0,6.497,7.99,2024-10-01 12:03:25,1,,7.99,
460,1740,Garnier masque Tissu Citron Vitamin C,1.0,10.135,12.5,2024-10-01 12:03:25,1,,12.5,
460,259,Garnier masque tissu hydra bomb 28g,1.0,9.157,11.9,2024-10-01 12:03:25,1,,11.9,
460,1002,Lilas Clip Super 9 Parfume,1.0,2.464,3.2,2024-10-01 12:03:25,1,,3.2,
460,415,CARTHAGE PILE AA  B2,1.0,0.671,1.0,2024-10-01 12:03:25,1,,1.0,
460,2239,Class Deo Homme Brisk 150mL,1.0,2.999,3.34,2024-10-01 12:03:25,1,,3.34,
460,2238,Class Deo Homme Classico 150mL,1.0,2.999,3.34,2024-10-01 12:03:25,1,,3.34,
460,1892,Dettol Savon RE-ENERGIZE 85gr,1.0,1.849,2.4,2024-10-01 12:03:25,1,,2.4,
460,1890,DETTOL Savon cool 85gr,1.0,1.849,2.4,2024-10-01 12:03:25,1,,2.4,
460,1891,Dettol Savon skincare 85gr,1.0,1.849,2.4,2024-10-01 12:03:25,1,,2.4,
460,1842,Balais Sofpince,1.0,1.185,2.4,2024-10-01 12:03:25,1,,2.4,
460,2576,Lilas Shp Supreme Proteine 400mL,1.0,10.385,12.9,2024-10-01 12:03:25,1,,12.9,
460,1259,JUDY Javel Parfumé  Fleurs 3L,1.0,3.513,4.2,2024-10-01 12:03:25,1,,4.2,
460,2617,Gillette II femme,2.0,1.309,1.6,2024-10-01 12:03:25,1,,1.6,
460,2713,SENSEA lingettes kids 15p,1.0,1.1,1.5,2024-10-01 12:03:25,1,,1.5,
460,609,raclette crochet 55 cm,1.0,9.57,11.5,2024-10-01 12:03:25,1,,11.5,
460,1219,Manche flexible tonikta,1.0,14.28,18.56,2024-10-01 12:03:25,1,,18.56,
460,1438,SENSEA Cotons Tiges 150P,1.0,1.667,2.1,2024-10-01 12:03:25,1,,2.1,
470,1006,Lilas Clip Nuit 8,3.0,2.528,3.2,2024-11-30 11:12:30,1,,3.2,
470,1513,Signal dentifrices Centre Fresh Bleu 100 ML,1.0,4.833,6.5,2024-11-30 11:12:30,1,,6.5,
470,1247,Colgate Brosse a dent  double action Charcoal M,1.0,3.866,4.5,2024-11-30 11:12:30,1,,4.5,
470,2580,Lilas Shp Supreme 2en1 Réparation 400mL,1.0,9.231,11.15,2024-11-30 11:12:30,1,,11.15,
470,1142,Jaspé EDP femme l'interdit givenchy 50ML,1.0,15.384,20.0,2024-11-30 11:12:30,1,,20.0,
472,171,NIVEA STICK FEMME DRY COMFORT 50ML,1.0,9.002,11.24,2024-12-02 11:11:48,1,,11.24,
490,2505,Narta Bille Homme Classique,2.0,9.913,12.7,2025-03-09 11:26:28,1,,12.7,
491,1570,Elsève Masque huil extr cheveux secs 310ML,1.0,18.51,21.9,2025-03-20 11:03:38,1,,21.9,
491,184,Elsève shp H.EXT CHEVEUX SECS 400ML,1.0,18.842,19.9,2025-03-20 11:03:38,1,,19.9,
491,3283,Cotex Essuie tout Basico de 2+1gratuits,1.0,2.543,2.9,2025-03-20 11:03:38,1,,2.9,
491,1001,Lilas Clip Normal 10 Parfume,1.0,2.676,3.2,2025-03-20 11:03:38,1,,3.2,
492,3283,Cotex Essuie tout Basico de 2+1gratuits,1.0,2.543,2.9,2025-03-21 16:33:16,1,,2.9,
492,366,ELEGANCE  SERUM 60ML,1.0,7.604,9.9,2025-03-21 16:33:16,1,,9.9,
492,3302,SENSEA Cotons Tiges 90P,1.0,1.117,1.5,2025-03-21 16:33:16,1,,1.5,
505,1444,NANA Clip Protection Confort 10 maxi Normal,1.0,2.45,3.2,2025-03-27 15:25:06,1,,3.2,
505,3042,Awane ado couche femme normales 9,2.0,2.65,3.2,2025-03-27 15:25:06,1,,3.2,
505,1503,Signal dentifrices 50ml Anti-Caries,1.0,2.0,2.5,2025-03-27 15:25:06,1,,2.5,
505,2566,Lilas Shp Extrem Protecteur 350mL,1.0,4.601,5.5,2025-03-27 15:25:06,1,,5.5,
505,2896,Lilas extreme A/SHP protecteur 180 ML,1.0,3.309,4.2,2025-03-27 15:25:06,1,,4.2,
505,2008,Veet Cream Sensitive 100 ML,1.0,8.034,9.9,2025-03-27 15:25:06,1,,9.9,
505,1614,Sensea Gel Douche Algues Marines,1.0,3.3,4.9,2025-03-27 15:25:06,1,,4.9,
505,1521,Lux Savon  Creamy Perfection,1.0,1.741,2.2,2025-03-27 15:25:06,1,,2.2,
505,1499,Close up dentifrices 50ml menthol fresh,1.0,1.999,2.8,2025-03-27 15:25:06,1,,2.8,
505,318,ZINA SUCRE SIMPLE200GR,1.0,2.544,3.3,2025-03-27 15:25:06,1,,3.3,
505,1520,Lux  Savon Soft touch,1.0,1.741,2.2,2025-03-27 15:25:06,1,,2.2,
505,1631,Lux Savon Sweet Embrace 75g,1.0,1.741,2.2,2025-03-27 15:25:06,1,,2.2,
505,1433,Sensea lave main 400ml Tonic,1.0,2.97,3.6,2025-03-27 15:25:06,1,,3.6,
505,2022,Mood Oxydant 20 vol 100ml,1.0,2.61,3.4,2025-03-27 15:25:06,1,,3.4,
505,2360,Jet 7 Mousse Nettoyante Visage 200 ml,1.0,8.479,12.0,2025-03-27 15:25:06,1,,12.0,
505,811,R.B Gel Douche energizing,1.0,4.179,5.5,2025-03-27 15:25:06,1,,5.5,
505,2788,Lilas masque ex réparateur 500 ML,1.0,11.543,13.9,2025-03-27 15:25:06,1,,13.9,
505,1002,Lilas Clip Super 9 Parfume,1.0,2.464,3.2,2025-03-27 15:25:06,1,,3.2,
513,3152,H.Zone oxy 30V 100 ml,1.0,1.949,2.3,2025-03-30 13:50:04,1,,2.3,
515,2853,Dima clean lavette microfibre spécialité sol G modéle,1.0,5.0,7.5,2025-04-03 13:39:18,1,,7.5,
515,364,ELEGANCE SERUM 300ML,1.0,26.775,29.8,2025-04-03 13:39:18,1,,29.8,
515,1253,JUDY Javel classic 3L+1L gratuit,1.0,3.941,4.2,2025-04-03 13:39:18,1,,4.2,
515,321,COTON PLUS DISQUES 80PIÉCES,1.0,3.927,4.9,2025-04-03 13:39:18,1,,4.9,
515,107,NIVEA creme SOFT 100ML,1.0,8.497,10.9,2025-04-03 13:39:18,1,,10.9,
515,3075,Zynia eau micemmaire 250 ml,1.0,6.64,8.9,2025-04-03 13:39:18,1,,8.9,
515,1905,Neutrogena Gel Exfoliant Anti-Brillance Citron vert 150mL,1.0,17.907,23.4,2025-04-03 13:39:18,1,,23.4,
518,181,Elsève shp DREAM LONG 400ML,1.0,18.842,19.9,2025-04-13 18:31:04,1,,19.9,
518,187,Elsève a/shp STRAIGHT 72H 200ML,1.0,11.567,12.9,2025-04-13 18:31:04,1,,12.9,
519,1447,Peaudouce Couche Confort T2,1.0,15.25,15.9,2025-04-14 21:10:41,1,,15.9,
519,3284,Cotex Essuie tout plus de 2,1.0,2.65,3.2,2025-04-14 21:10:41,1,,3.2,
520,2737,Joia body splash jardin fleuri 300ML,1.0,14.486,19.7,2025-04-15 19:08:31,1,,19.7,
